experiment_id,exp_number,n_features,n_features_selected,shots,reps,entanglement,noise_level,selected_features,best_c,cv_score,train_acc,test_acc,test_balanced_acc,precision,recall,recall_pos1,f1_score,gen_gap,kernel_time,train_time,y_test,y_pred
Noisy_f2_s1024_r1_linear_low,1,2,2,1024,1,linear,low,"['attr_13_3', 'attr_26_2']",0.1,0.5,0.6363636363636364,0.4,0.47619047619047616,0.6666666666666666,0.2857142857142857,0.2857142857142857,0.4,0.23636363636363633,5.637603759765625,7.630008220672607,"[1, 1, 0, 0, 1, 1, 1, 1, 0, 1]","[0, 0, 0, 0, 0, 0, 1, 0, 1, 1]"
Noisy_f2_s1024_r1_linear_standard,2,2,2,1024,1,linear,standard,"['attr_13_3', 'attr_26_2']",0.001,0.5,0.2727272727272727,0.3,0.5,0.0,0.0,0.0,0.0,0.027272727272727282,5.592652320861816,0.03116607666015625,"[1, 1, 0, 0, 1, 1, 1, 1, 0, 1]","[0, 0, 0, 0, 0, 0, 0, 0, 0, 0]"
Noisy_f2_s1024_r1_linear_high,3,2,2,1024,1,linear,high,"['attr_13_3', 'attr_26_2']",0.001,0.5,0.2727272727272727,0.3,0.5,0.0,0.0,0.0,0.0,0.027272727272727282,4.538812875747681,0.03155207633972168,"[1, 1, 0, 0, 1, 1, 1, 1, 0, 1]","[0, 0, 0, 0, 0, 0, 0, 0, 0, 0]"
Noisy_f2_s1024_r1_circular_low,4,2,2,1024,1,circular,low,"['attr_13_3', 'attr_26_2']",0.1,0.5,0.6363636363636364,0.4,0.47619047619047616,0.6666666666666666,0.2857142857142857,0.2857142857142857,0.4,0.23636363636363633,4.0435631275177,0.02945685386657715,"[1, 1, 0, 0, 1, 1, 1, 1, 0, 1]","[0, 0, 0, 0, 0, 0, 1, 0, 1, 1]"
Noisy_f2_s1024_r1_circular_standard,5,2,2,1024,1,circular,standard,"['attr_13_3', 'attr_26_2']",0.001,0.5,0.2727272727272727,0.3,0.5,0.0,0.0,0.0,0.0,0.027272727272727282,9.447935104370117,0.12024450302124023,"[1, 1, 0, 0, 1, 1, 1, 1, 0, 1]","[0, 0, 0, 0, 0, 0, 0, 0, 0, 0]"
Noisy_f2_s1024_r1_circular_high,6,2,2,1024,1,circular,high,"['attr_13_3', 'attr_26_2']",0.001,0.5,0.2727272727272727,0.3,0.5,0.0,0.0,0.0,0.0,0.027272727272727282,7.415985107421875,0.07060027122497559,"[1, 1, 0, 0, 1, 1, 1, 1, 0, 1]","[0, 0, 0, 0, 0, 0, 0, 0, 0, 0]"
Noisy_f2_s1024_r1_full_low,7,2,2,1024,1,full,low,"['attr_13_3', 'attr_26_2']",0.1,0.5,0.6363636363636364,0.4,0.47619047619047616,0.6666666666666666,0.2857142857142857,0.2857142857142857,0.4,0.23636363636363633,4.2179114818573,0.06395769119262695,"[1, 1, 0, 0, 1, 1, 1, 1, 0, 1]","[0, 0, 0, 0, 0, 0, 1, 0, 1, 1]"
Noisy_f2_s1024_r1_full_standard,8,2,2,1024,1,full,standard,"['attr_13_3', 'attr_26_2']",0.001,0.5,0.2727272727272727,0.3,0.5,0.0,0.0,0.0,0.0,0.027272727272727282,4.6591575145721436,0.056852102279663086,"[1, 1, 0, 0, 1, 1, 1, 1, 0, 1]","[0, 0, 0, 0, 0, 0, 0, 0, 0, 0]"
Noisy_f2_s1024_r1_full_high,9,2,2,1024,1,full,high,"['attr_13_3', 'attr_26_2']",0.001,0.5,0.2727272727272727,0.3,0.5,0.0,0.0,0.0,0.0,0.027272727272727282,4.279308319091797,0.052978515625,"[1, 1, 0, 0, 1, 1, 1, 1, 0, 1]","[0, 0, 0, 0, 0, 0, 0, 0, 0, 0]"
Noisy_f2_s1024_r2_linear_low,10,2,2,1024,2,linear,low,"['attr_13_3', 'attr_26_2']",0.1,0.5,0.6818181818181818,0.5,0.5476190476190476,0.75,0.42857142857142855,0.42857142857142855,0.5454545454545454,0.18181818181818177,5.369450807571411,0.06847405433654785,"[1, 1, 0, 0, 1, 1, 1, 1, 0, 1]","[1, 0, 0, 0, 0, 0, 1, 0, 1, 1]"
Noisy_f2_s1024_r2_linear_standard,11,2,2,1024,2,linear,standard,"['attr_13_3', 'attr_26_2']",0.001,0.5,0.2727272727272727,0.3,0.5,0.0,0.0,0.0,0.0,0.027272727272727282,4.105063438415527,0.028438806533813477,"[1, 1, 0, 0, 1, 1, 1, 1, 0, 1]","[0, 0, 0, 0, 0, 0, 0, 0, 0, 0]"
Noisy_f2_s1024_r2_linear_high,12,2,2,1024,2,linear,high,"['attr_13_3', 'attr_26_2']",0.001,0.5,0.2727272727272727,0.3,0.5,0.0,0.0,0.0,0.0,0.027272727272727282,2.554908275604248,0.030435800552368164,"[1, 1, 0, 0, 1, 1, 1, 1, 0, 1]","[0, 0, 0, 0, 0, 0, 0, 0, 0, 0]"
Noisy_f2_s1024_r2_circular_low,13,2,2,1024,2,circular,low,"['attr_13_3', 'attr_26_2']",0.1,0.5,0.6818181818181818,0.5,0.5476190476190476,0.75,0.42857142857142855,0.42857142857142855,0.5454545454545454,0.18181818181818177,3.2579421997070312,0.06142759323120117,"[1, 1, 0, 0, 1, 1, 1, 1, 0, 1]","[1, 0, 0, 0, 0, 0, 1, 0, 1, 1]"
Noisy_f2_s1024_r2_circular_standard,14,2,2,1024,2,circular,standard,"['attr_13_3', 'attr_26_2']",0.001,0.5,0.2727272727272727,0.3,0.5,0.0,0.0,0.0,0.0,0.027272727272727282,5.156599760055542,0.06520438194274902,"[1, 1, 0, 0, 1, 1, 1, 1, 0, 1]","[0, 0, 0, 0, 0, 0, 0, 0, 0, 0]"
Noisy_f2_s1024_r2_circular_high,15,2,2,1024,2,circular,high,"['attr_13_3', 'attr_26_2']",0.001,0.5,0.2727272727272727,0.3,0.5,0.0,0.0,0.0,0.0,0.027272727272727282,5.698528051376343,0.06416106224060059,"[1, 1, 0, 0, 1, 1, 1, 1, 0, 1]","[0, 0, 0, 0, 0, 0, 0, 0, 0, 0]"
Noisy_f2_s1024_r2_full_low,16,2,2,1024,2,full,low,"['attr_13_3', 'attr_26_2']",0.1,0.5,0.6818181818181818,0.5,0.5476190476190476,0.75,0.42857142857142855,0.42857142857142855,0.5454545454545454,0.18181818181818177,5.986701011657715,0.06641125679016113,"[1, 1, 0, 0, 1, 1, 1, 1, 0, 1]","[1, 0, 0, 0, 0, 0, 1, 0, 1, 1]"
Noisy_f2_s1024_r2_full_standard,17,2,2,1024,2,full,standard,"['attr_13_3', 'attr_26_2']",0.001,0.5,0.2727272727272727,0.3,0.5,0.0,0.0,0.0,0.0,0.027272727272727282,4.971256256103516,0.07733964920043945,"[1, 1, 0, 0, 1, 1, 1, 1, 0, 1]","[0, 0, 0, 0, 0, 0, 0, 0, 0, 0]"
Noisy_f2_s1024_r2_full_high,18,2,2,1024,2,full,high,"['attr_13_3', 'attr_26_2']",0.001,0.5,0.2727272727272727,0.3,0.5,0.0,0.0,0.0,0.0,0.027272727272727282,5.004509925842285,0.07162857055664062,"[1, 1, 0, 0, 1, 1, 1, 1, 0, 1]","[0, 0, 0, 0, 0, 0, 0, 0, 0, 0]"
Noisy_f2_s4096_r1_linear_low,19,2,2,4096,1,linear,low,"['attr_13_3', 'attr_26_2']",100.0,0.5499999999999999,0.8636363636363636,0.4,0.2857142857142857,0.5714285714285714,0.5714285714285714,0.5714285714285714,0.5714285714285714,0.4636363636363636,15.187290668487549,0.06751418113708496,"[1, 1, 0, 0, 1, 1, 1, 1, 0, 1]","[1, 0, 1, 1, 0, 1, 0, 1, 1, 1]"
Noisy_f2_s4096_r1_linear_standard,20,2,2,4096,1,linear,standard,"['attr_13_3', 'attr_26_2']",0.1,0.5,1.0,0.7,0.5,0.7,1.0,1.0,0.8235294117647058,0.30000000000000004,14.236323595046997,0.09667301177978516,"[1, 1, 0, 0, 1, 1, 1, 1, 0, 1]","[1, 1, 1, 1, 1, 1, 1, 1, 1, 1]"
Noisy_f2_s4096_r1_linear_high,21,2,2,4096,1,linear,high,"['attr_13_3', 'attr_26_2']",0.1,0.5,1.0,0.7,0.5,0.7,1.0,1.0,0.8235294117647058,0.30000000000000004,14.718703269958496,0.0638272762298584,"[1, 1, 0, 0, 1, 1, 1, 1, 0, 1]","[1, 1, 1, 1, 1, 1, 1, 1, 1, 1]"
Noisy_f2_s4096_r1_circular_low,22,2,2,4096,1,circular,low,"['attr_13_3', 'attr_26_2']",100.0,0.5499999999999999,0.8636363636363636,0.4,0.2857142857142857,0.5714285714285714,0.5714285714285714,0.5714285714285714,0.5714285714285714,0.4636363636363636,14.253997802734375,0.06966114044189453,"[1, 1, 0, 0, 1, 1, 1, 1, 0, 1]","[1, 0, 1, 1, 0, 1, 0, 1, 1, 1]"
Noisy_f2_s4096_r1_circular_standard,23,2,2,4096,1,circular,standard,"['attr_13_3', 'attr_26_2']",0.1,0.5,1.0,0.7,0.5,0.7,1.0,1.0,0.8235294117647058,0.30000000000000004,9.332703590393066,0.05022597312927246,"[1, 1, 0, 0, 1, 1, 1, 1, 0, 1]","[1, 1, 1, 1, 1, 1, 1, 1, 1, 1]"
Noisy_f2_s4096_r1_circular_high,24,2,2,4096,1,circular,high,"['attr_13_3', 'attr_26_2']",0.1,0.5,1.0,0.7,0.5,0.7,1.0,1.0,0.8235294117647058,0.30000000000000004,12.995450258255005,0.056844234466552734,"[1, 1, 0, 0, 1, 1, 1, 1, 0, 1]","[1, 1, 1, 1, 1, 1, 1, 1, 1, 1]"
Noisy_f2_s4096_r1_full_low,25,2,2,4096,1,full,low,"['attr_13_3', 'attr_26_2']",100.0,0.5499999999999999,0.8636363636363636,0.4,0.2857142857142857,0.5714285714285714,0.5714285714285714,0.5714285714285714,0.5714285714285714,0.4636363636363636,13.47851014137268,0.06653976440429688,"[1, 1, 0, 0, 1, 1, 1, 1, 0, 1]","[1, 0, 1, 1, 0, 1, 0, 1, 1, 1]"
Noisy_f2_s4096_r1_full_standard,26,2,2,4096,1,full,standard,"['attr_13_3', 'attr_26_2']",0.1,0.5,1.0,0.7,0.5,0.7,1.0,1.0,0.8235294117647058,0.30000000000000004,13.944448471069336,0.07662057876586914,"[1, 1, 0, 0, 1, 1, 1, 1, 0, 1]","[1, 1, 1, 1, 1, 1, 1, 1, 1, 1]"
Noisy_f2_s4096_r1_full_high,27,2,2,4096,1,full,high,"['attr_13_3', 'attr_26_2']",0.1,0.5,1.0,0.7,0.5,0.7,1.0,1.0,0.8235294117647058,0.30000000000000004,14.193659543991089,0.0587918758392334,"[1, 1, 0, 0, 1, 1, 1, 1, 0, 1]","[1, 1, 1, 1, 1, 1, 1, 1, 1, 1]"
Noisy_f2_s4096_r2_linear_low,28,2,2,4096,2,linear,low,"['attr_13_3', 'attr_26_2']",100.0,0.6055555555555555,0.8181818181818182,0.4,0.2857142857142857,0.5714285714285714,0.5714285714285714,0.5714285714285714,0.5714285714285714,0.4181818181818182,14.979137420654297,0.059893131256103516,"[1, 1, 0, 0, 1, 1, 1, 1, 0, 1]","[1, 0, 1, 1, 0, 1, 0, 1, 1, 1]"
Noisy_f2_s4096_r2_linear_standard,29,2,2,4096,2,linear,standard,"['attr_13_3', 'attr_26_2']",0.01,0.5,1.0,0.7,0.5,0.7,1.0,1.0,0.8235294117647058,0.30000000000000004,14.811662912368774,0.06088614463806152,"[1, 1, 0, 0, 1, 1, 1, 1, 0, 1]","[1, 1, 1, 1, 1, 1, 1, 1, 1, 1]"
Noisy_f2_s4096_r2_linear_high,30,2,2,4096,2,linear,high,"['attr_13_3', 'attr_26_2']",0.001,0.5,0.2727272727272727,0.3,0.5,0.0,0.0,0.0,0.0,0.027272727272727282,14.260056734085083,0.07612800598144531,"[1, 1, 0, 0, 1, 1, 1, 1, 0, 1]","[0, 0, 0, 0, 0, 0, 0, 0, 0, 0]"
Noisy_f2_s4096_r2_circular_low,31,2,2,4096,2,circular,low,"['attr_13_3', 'attr_26_2']",100.0,0.6055555555555555,0.8181818181818182,0.4,0.2857142857142857,0.5714285714285714,0.5714285714285714,0.5714285714285714,0.5714285714285714,0.4181818181818182,14.846417427062988,0.0652925968170166,"[1, 1, 0, 0, 1, 1, 1, 1, 0, 1]","[1, 0, 1, 1, 0, 1, 0, 1, 1, 1]"
Noisy_f2_s4096_r2_circular_standard,32,2,2,4096,2,circular,standard,"['attr_13_3', 'attr_26_2']",0.01,0.5,1.0,0.7,0.5,0.7,1.0,1.0,0.8235294117647058,0.30000000000000004,14.978901624679565,0.0573575496673584,"[1, 1, 0, 0, 1, 1, 1, 1, 0, 1]","[1, 1, 1, 1, 1, 1, 1, 1, 1, 1]"
Noisy_f2_s4096_r2_circular_high,33,2,2,4096,2,circular,high,"['attr_13_3', 'attr_26_2']",0.001,0.5,0.2727272727272727,0.3,0.5,0.0,0.0,0.0,0.0,0.027272727272727282,14.507427215576172,0.06877541542053223,"[1, 1, 0, 0, 1, 1, 1, 1, 0, 1]","[0, 0, 0, 0, 0, 0, 0, 0, 0, 0]"
Noisy_f2_s4096_r2_full_low,34,2,2,4096,2,full,low,"['attr_13_3', 'attr_26_2']",100.0,0.6055555555555555,0.8181818181818182,0.4,0.2857142857142857,0.5714285714285714,0.5714285714285714,0.5714285714285714,0.5714285714285714,0.4181818181818182,14.017706871032715,0.06220602989196777,"[1, 1, 0, 0, 1, 1, 1, 1, 0, 1]","[1, 0, 1, 1, 0, 1, 0, 1, 1, 1]"
Noisy_f2_s4096_r2_full_standard,35,2,2,4096,2,full,standard,"['attr_13_3', 'attr_26_2']",0.01,0.5,1.0,0.7,0.5,0.7,1.0,1.0,0.8235294117647058,0.30000000000000004,15.165088176727295,0.07787156105041504,"[1, 1, 0, 0, 1, 1, 1, 1, 0, 1]","[1, 1, 1, 1, 1, 1, 1, 1, 1, 1]"
Noisy_f2_s4096_r2_full_high,36,2,2,4096,2,full,high,"['attr_13_3', 'attr_26_2']",0.001,0.5,0.2727272727272727,0.3,0.5,0.0,0.0,0.0,0.0,0.027272727272727282,14.816933155059814,0.06528019905090332,"[1, 1, 0, 0, 1, 1, 1, 1, 0, 1]","[0, 0, 0, 0, 0, 0, 0, 0, 0, 0]"
Noisy_f2_s8192_r1_linear_low,37,2,2,8192,1,linear,low,"['attr_13_3', 'attr_26_2']",0.001,0.5,0.2727272727272727,0.3,0.5,0.0,0.0,0.0,0.0,0.027272727272727282,27.183082103729248,0.06202864646911621,"[1, 1, 0, 0, 1, 1, 1, 1, 0, 1]","[0, 0, 0, 0, 0, 0, 0, 0, 0, 0]"
Noisy_f2_s8192_r1_linear_standard,38,2,2,8192,1,linear,standard,"['attr_13_3', 'attr_26_2']",0.001,0.5,0.2727272727272727,0.3,0.5,0.0,0.0,0.0,0.0,0.027272727272727282,27.48729944229126,0.06386613845825195,"[1, 1, 0, 0, 1, 1, 1, 1, 0, 1]","[0, 0, 0, 0, 0, 0, 0, 0, 0, 0]"
Noisy_f2_s8192_r1_linear_high,39,2,2,8192,1,linear,high,"['attr_13_3', 'attr_26_2']",0.1,0.5,1.0,0.7,0.5,0.7,1.0,1.0,0.8235294117647058,0.30000000000000004,27.61777687072754,0.07543373107910156,"[1, 1, 0, 0, 1, 1, 1, 1, 0, 1]","[1, 1, 1, 1, 1, 1, 1, 1, 1, 1]"
Noisy_f2_s8192_r1_circular_low,40,2,2,8192,1,circular,low,"['attr_13_3', 'attr_26_2']",0.001,0.5,0.2727272727272727,0.3,0.5,0.0,0.0,0.0,0.0,0.027272727272727282,20.372767210006714,0.02949976921081543,"[1, 1, 0, 0, 1, 1, 1, 1, 0, 1]","[0, 0, 0, 0, 0, 0, 0, 0, 0, 0]"
Noisy_f2_s8192_r1_circular_standard,41,2,2,8192,1,circular,standard,"['attr_13_3', 'attr_26_2']",0.001,0.5,0.2727272727272727,0.3,0.5,0.0,0.0,0.0,0.0,0.027272727272727282,13.24090027809143,0.027969837188720703,"[1, 1, 0, 0, 1, 1, 1, 1, 0, 1]","[0, 0, 0, 0, 0, 0, 0, 0, 0, 0]"
Noisy_f2_s8192_r1_circular_high,42,2,2,8192,1,circular,high,"['attr_13_3', 'attr_26_2']",0.1,0.5,1.0,0.7,0.5,0.7,1.0,1.0,0.8235294117647058,0.30000000000000004,13.312131643295288,0.026348590850830078,"[1, 1, 0, 0, 1, 1, 1, 1, 0, 1]","[1, 1, 1, 1, 1, 1, 1, 1, 1, 1]"
Noisy_f2_s8192_r1_full_low,43,2,2,8192,1,full,low,"['attr_13_3', 'attr_26_2']",0.001,0.5,0.2727272727272727,0.3,0.5,0.0,0.0,0.0,0.0,0.027272727272727282,13.158833980560303,0.0254058837890625,"[1, 1, 0, 0, 1, 1, 1, 1, 0, 1]","[0, 0, 0, 0, 0, 0, 0, 0, 0, 0]"
Noisy_f2_s8192_r1_full_standard,44,2,2,8192,1,full,standard,"['attr_13_3', 'attr_26_2']",0.001,0.5,0.2727272727272727,0.3,0.5,0.0,0.0,0.0,0.0,0.027272727272727282,13.30999207496643,0.027367115020751953,"[1, 1, 0, 0, 1, 1, 1, 1, 0, 1]","[0, 0, 0, 0, 0, 0, 0, 0, 0, 0]"
Noisy_f2_s8192_r1_full_high,45,2,2,8192,1,full,high,"['attr_13_3', 'attr_26_2']",0.1,0.5,1.0,0.7,0.5,0.7,1.0,1.0,0.8235294117647058,0.30000000000000004,55.772910833358765,0.11798214912414551,"[1, 1, 0, 0, 1, 1, 1, 1, 0, 1]","[1, 1, 1, 1, 1, 1, 1, 1, 1, 1]"
Noisy_f2_s8192_r2_linear_low,46,2,2,8192,2,linear,low,"['attr_13_3', 'attr_26_2']",0.001,0.5,0.2727272727272727,0.3,0.5,0.0,0.0,0.0,0.0,0.027272727272727282,63.812684297561646,0.06951570510864258,"[1, 1, 0, 0, 1, 1, 1, 1, 0, 1]","[0, 0, 0, 0, 0, 0, 0, 0, 0, 0]"
Noisy_f2_s8192_r2_linear_standard,47,2,2,8192,2,linear,standard,"['attr_13_3', 'attr_26_2']",0.1,0.5,1.0,0.7,0.5,0.7,1.0,1.0,0.8235294117647058,0.30000000000000004,24.79625678062439,0.056412458419799805,"[1, 1, 0, 0, 1, 1, 1, 1, 0, 1]","[1, 1, 1, 1, 1, 1, 1, 1, 1, 1]"
Noisy_f2_s8192_r2_linear_high,48,2,2,8192,2,linear,high,"['attr_13_3', 'attr_26_2']",0.001,0.5,0.2727272727272727,0.3,0.5,0.0,0.0,0.0,0.0,0.027272727272727282,28.0340518951416,0.0678708553314209,"[1, 1, 0, 0, 1, 1, 1, 1, 0, 1]","[0, 0, 0, 0, 0, 0, 0, 0, 0, 0]"
Noisy_f2_s8192_r2_circular_low,49,2,2,8192,2,circular,low,"['attr_13_3', 'attr_26_2']",0.001,0.5,0.2727272727272727,0.3,0.5,0.0,0.0,0.0,0.0,0.027272727272727282,29.026555061340332,0.07787156105041504,"[1, 1, 0, 0, 1, 1, 1, 1, 0, 1]","[0, 0, 0, 0, 0, 0, 0, 0, 0, 0]"
Noisy_f2_s8192_r2_circular_standard,50,2,2,8192,2,circular,standard,"['attr_13_3', 'attr_26_2']",0.1,0.5,1.0,0.7,0.5,0.7,1.0,1.0,0.8235294117647058,0.30000000000000004,31.721870183944702,0.07512617111206055,"[1, 1, 0, 0, 1, 1, 1, 1, 0, 1]","[1, 1, 1, 1, 1, 1, 1, 1, 1, 1]"
Noisy_f2_s8192_r2_circular_high,51,2,2,8192,2,circular,high,"['attr_13_3', 'attr_26_2']",0.001,0.5,0.2727272727272727,0.3,0.5,0.0,0.0,0.0,0.0,0.027272727272727282,29.52232789993286,0.06704902648925781,"[1, 1, 0, 0, 1, 1, 1, 1, 0, 1]","[0, 0, 0, 0, 0, 0, 0, 0, 0, 0]"
Noisy_f2_s8192_r2_full_low,52,2,2,8192,2,full,low,"['attr_13_3', 'attr_26_2']",0.001,0.5,0.2727272727272727,0.3,0.5,0.0,0.0,0.0,0.0,0.027272727272727282,28.13813066482544,0.0703437328338623,"[1, 1, 0, 0, 1, 1, 1, 1, 0, 1]","[0, 0, 0, 0, 0, 0, 0, 0, 0, 0]"
Noisy_f2_s8192_r2_full_standard,53,2,2,8192,2,full,standard,"['attr_13_3', 'attr_26_2']",0.1,0.5,1.0,0.7,0.5,0.7,1.0,1.0,0.8235294117647058,0.30000000000000004,25.231003284454346,0.06604957580566406,"[1, 1, 0, 0, 1, 1, 1, 1, 0, 1]","[1, 1, 1, 1, 1, 1, 1, 1, 1, 1]"
Noisy_f2_s8192_r2_full_high,54,2,2,8192,2,full,high,"['attr_13_3', 'attr_26_2']",0.001,0.5,0.2727272727272727,0.3,0.5,0.0,0.0,0.0,0.0,0.027272727272727282,28.242706060409546,0.0772242546081543,"[1, 1, 0, 0, 1, 1, 1, 1, 0, 1]","[0, 0, 0, 0, 0, 0, 0, 0, 0, 0]"
Noisy_f3_s1024_r1_linear_low,55,3,3,1024,1,linear,low,"['attr_13_3', 'attr_26_2', 'attr_13_2']",0.1,0.5,0.6818181818181818,0.7,0.6904761904761905,0.8333333333333334,0.7142857142857143,0.7142857142857143,0.7692307692307693,0.018181818181818188,5.157450914382935,0.07680869102478027,"[1, 1, 0, 0, 1, 1, 1, 1, 0, 1]","[0, 1, 0, 1, 1, 1, 1, 1, 0, 0]"
Noisy_f3_s1024_r1_linear_standard,56,3,3,1024,1,linear,standard,"['attr_13_3', 'attr_26_2', 'attr_13_2']",0.1,0.5,0.6818181818181818,0.7,0.6904761904761905,0.8333333333333334,0.7142857142857143,0.7142857142857143,0.7692307692307693,0.018181818181818188,5.297023057937622,0.06919598579406738,"[1, 1, 0, 0, 1, 1, 1, 1, 0, 1]","[0, 1, 0, 1, 1, 1, 1, 1, 0, 0]"
Noisy_f3_s1024_r1_linear_high,57,3,3,1024,1,linear,high,"['attr_13_3', 'attr_26_2', 'attr_13_2']",0.001,0.5,0.2727272727272727,0.3,0.5,0.0,0.0,0.0,0.0,0.027272727272727282,8.02550196647644,0.09741687774658203,"[1, 1, 0, 0, 1, 1, 1, 1, 0, 1]","[0, 0, 0, 0, 0, 0, 0, 0, 0, 0]"
Noisy_f3_s1024_r1_circular_low,58,3,3,1024,1,circular,low,"['attr_13_3', 'attr_26_2', 'attr_13_2']",0.001,0.5,0.2727272727272727,0.3,0.5,0.0,0.0,0.0,0.0,0.027272727272727282,12.747686386108398,0.4651501178741455,"[1, 1, 0, 0, 1, 1, 1, 1, 0, 1]","[0, 0, 0, 0, 0, 0, 0, 0, 0, 0]"
Noisy_f3_s1024_r1_circular_standard,59,3,3,1024,1,circular,standard,"['attr_13_3', 'attr_26_2', 'attr_13_2']",100.0,0.5277777777777778,1.0,0.7,0.5952380952380952,0.75,0.8571428571428571,0.8571428571428571,0.8,0.30000000000000004,11.963015794754028,0.17635631561279297,"[1, 1, 0, 0, 1, 1, 1, 1, 0, 1]","[0, 1, 1, 0, 1, 1, 1, 1, 1, 1]"
Noisy_f3_s1024_r1_circular_high,60,3,3,1024,1,circular,high,"['attr_13_3', 'attr_26_2', 'attr_13_2']",0.001,0.5,0.2727272727272727,0.3,0.5,0.0,0.0,0.0,0.0,0.027272727272727282,8.497899055480957,0.11212754249572754,"[1, 1, 0, 0, 1, 1, 1, 1, 0, 1]","[0, 0, 0, 0, 0, 0, 0, 0, 0, 0]"
Noisy_f3_s1024_r1_full_low,61,3,3,1024,1,full,low,"['attr_13_3', 'attr_26_2', 'attr_13_2']",0.001,0.5,0.2727272727272727,0.3,0.5,0.0,0.0,0.0,0.0,0.027272727272727282,7.8048999309539795,0.02909708023071289,"[1, 1, 0, 0, 1, 1, 1, 1, 0, 1]","[0, 0, 0, 0, 0, 0, 0, 0, 0, 0]"
Noisy_f3_s1024_r1_full_standard,62,3,3,1024,1,full,standard,"['attr_13_3', 'attr_26_2', 'attr_13_2']",0.001,0.5,0.2727272727272727,0.3,0.5,0.0,0.0,0.0,0.0,0.027272727272727282,3.74858021736145,0.09039616584777832,"[1, 1, 0, 0, 1, 1, 1, 1, 0, 1]","[0, 0, 0, 0, 0, 0, 0, 0, 0, 0]"
Noisy_f3_s1024_r1_full_high,63,3,3,1024,1,full,high,"['attr_13_3', 'attr_26_2', 'attr_13_2']",0.001,0.5,0.2727272727272727,0.3,0.5,0.0,0.0,0.0,0.0,0.027272727272727282,7.107940435409546,0.09456181526184082,"[1, 1, 0, 0, 1, 1, 1, 1, 0, 1]","[0, 0, 0, 0, 0, 0, 0, 0, 0, 0]"
Noisy_f3_s1024_r2_linear_low,64,3,3,1024,2,linear,low,"['attr_13_3', 'attr_26_2', 'attr_13_2']",0.001,0.5,0.2727272727272727,0.3,0.5,0.0,0.0,0.0,0.0,0.027272727272727282,7.6869659423828125,0.08133053779602051,"[1, 1, 0, 0, 1, 1, 1, 1, 0, 1]","[0, 0, 0, 0, 0, 0, 0, 0, 0, 0]"
Noisy_f3_s1024_r2_linear_standard,65,3,3,1024,2,linear,standard,"['attr_13_3', 'attr_26_2', 'attr_13_2']",0.001,0.5,0.2727272727272727,0.3,0.5,0.0,0.0,0.0,0.0,0.027272727272727282,7.685574769973755,0.13042902946472168,"[1, 1, 0, 0, 1, 1, 1, 1, 0, 1]","[0, 0, 0, 0, 0, 0, 0, 0, 0, 0]"
Noisy_f3_s1024_r2_linear_high,66,3,3,1024,2,linear,high,"['attr_13_3', 'attr_26_2', 'attr_13_2']",0.001,0.5,0.2727272727272727,0.3,0.5,0.0,0.0,0.0,0.0,0.027272727272727282,7.882889747619629,0.07982492446899414,"[1, 1, 0, 0, 1, 1, 1, 1, 0, 1]","[0, 0, 0, 0, 0, 0, 0, 0, 0, 0]"
Noisy_f3_s1024_r2_circular_low,67,3,3,1024,2,circular,low,"['attr_13_3', 'attr_26_2', 'attr_13_2']",10.0,0.6277777777777778,0.7727272727272727,0.6,0.6190476190476191,0.8,0.5714285714285714,0.5714285714285714,0.6666666666666666,0.17272727272727273,8.715108633041382,0.08984994888305664,"[1, 1, 0, 0, 1, 1, 1, 1, 0, 1]","[0, 1, 0, 1, 1, 1, 0, 0, 0, 1]"
Noisy_f3_s1024_r2_circular_standard,68,3,3,1024,2,circular,standard,"['attr_13_3', 'attr_26_2', 'attr_13_2']",0.1,0.5,0.7727272727272727,0.5,0.35714285714285715,0.625,0.7142857142857143,0.7142857142857143,0.6666666666666666,0.2727272727272727,8.391631841659546,0.11541962623596191,"[1, 1, 0, 0, 1, 1, 1, 1, 0, 1]","[0, 1, 1, 1, 1, 1, 1, 1, 1, 0]"
Noisy_f3_s1024_r2_circular_high,69,3,3,1024,2,circular,high,"['attr_13_3', 'attr_26_2', 'attr_13_2']",0.001,0.5,0.2727272727272727,0.3,0.5,0.0,0.0,0.0,0.0,0.027272727272727282,8.330813646316528,0.07575201988220215,"[1, 1, 0, 0, 1, 1, 1, 1, 0, 1]","[0, 0, 0, 0, 0, 0, 0, 0, 0, 0]"
Noisy_f3_s1024_r2_full_low,70,3,3,1024,2,full,low,"['attr_13_3', 'attr_26_2', 'attr_13_2']",10.0,0.6277777777777778,0.7727272727272727,0.6,0.6190476190476191,0.8,0.5714285714285714,0.5714285714285714,0.6666666666666666,0.17272727272727273,8.07311224937439,0.07897591590881348,"[1, 1, 0, 0, 1, 1, 1, 1, 0, 1]","[0, 1, 0, 1, 1, 1, 0, 0, 0, 1]"
Noisy_f3_s1024_r2_full_standard,71,3,3,1024,2,full,standard,"['attr_13_3', 'attr_26_2', 'attr_13_2']",0.1,0.5,0.7727272727272727,0.5,0.35714285714285715,0.625,0.7142857142857143,0.7142857142857143,0.6666666666666666,0.2727272727272727,8.8379647731781,0.08073186874389648,"[1, 1, 0, 0, 1, 1, 1, 1, 0, 1]","[0, 1, 1, 1, 1, 1, 1, 1, 1, 0]"
Noisy_f3_s1024_r2_full_high,72,3,3,1024,2,full,high,"['attr_13_3', 'attr_26_2', 'attr_13_2']",0.001,0.5,0.2727272727272727,0.3,0.5,0.0,0.0,0.0,0.0,0.027272727272727282,7.851338624954224,0.08147549629211426,"[1, 1, 0, 0, 1, 1, 1, 1, 0, 1]","[0, 0, 0, 0, 0, 0, 0, 0, 0, 0]"
Noisy_f3_s4096_r1_linear_low,73,3,3,4096,1,linear,low,"['attr_13_3', 'attr_26_2', 'attr_13_2']",0.001,0.5,0.2727272727272727,0.3,0.5,0.0,0.0,0.0,0.0,0.027272727272727282,17.03486919403076,0.05858421325683594,"[1, 1, 0, 0, 1, 1, 1, 1, 0, 1]","[0, 0, 0, 0, 0, 0, 0, 0, 0, 0]"
Noisy_f3_s4096_r1_linear_standard,74,3,3,4096,1,linear,standard,"['attr_13_3', 'attr_26_2', 'attr_13_2']",0.1,0.5,0.6818181818181818,0.7,0.6904761904761905,0.8333333333333334,0.7142857142857143,0.7142857142857143,0.7692307692307693,0.018181818181818188,15.473963022232056,0.07354140281677246,"[1, 1, 0, 0, 1, 1, 1, 1, 0, 1]","[0, 1, 0, 1, 1, 1, 1, 1, 0, 0]"
Noisy_f3_s4096_r1_linear_high,75,3,3,4096,1,linear,high,"['attr_13_3', 'attr_26_2', 'attr_13_2']",0.001,0.5,0.2727272727272727,0.3,0.5,0.0,0.0,0.0,0.0,0.027272727272727282,16.33772897720337,0.06115579605102539,"[1, 1, 0, 0, 1, 1, 1, 1, 0, 1]","[0, 0, 0, 0, 0, 0, 0, 0, 0, 0]"
Noisy_f3_s4096_r1_circular_low,76,3,3,4096,1,circular,low,"['attr_13_3', 'attr_26_2', 'attr_13_2']",100.0,0.5777777777777778,0.9090909090909091,0.6,0.5238095238095238,0.7142857142857143,0.7142857142857143,0.7142857142857143,0.7142857142857143,0.3090909090909091,10.000399351119995,0.03286123275756836,"[1, 1, 0, 0, 1, 1, 1, 1, 0, 1]","[0, 1, 0, 1, 1, 1, 1, 0, 1, 1]"
Noisy_f3_s4096_r1_circular_standard,77,3,3,4096,1,circular,standard,"['attr_13_3', 'attr_26_2', 'attr_13_2']",0.001,0.5,0.2727272727272727,0.3,0.5,0.0,0.0,0.0,0.0,0.027272727272727282,8.108602046966553,0.024637937545776367,"[1, 1, 0, 0, 1, 1, 1, 1, 0, 1]","[0, 0, 0, 0, 0, 0, 0, 0, 0, 0]"
Noisy_f3_s4096_r1_circular_high,78,3,3,4096,1,circular,high,"['attr_13_3', 'attr_26_2', 'attr_13_2']",0.001,0.5,0.2727272727272727,0.3,0.5,0.0,0.0,0.0,0.0,0.027272727272727282,8.260100841522217,0.02996993064880371,"[1, 1, 0, 0, 1, 1, 1, 1, 0, 1]","[0, 0, 0, 0, 0, 0, 0, 0, 0, 0]"
Noisy_f3_s4096_r1_full_low,79,3,3,4096,1,full,low,"['attr_13_3', 'attr_26_2', 'attr_13_2']",100.0,0.5777777777777778,0.9090909090909091,0.6,0.5238095238095238,0.7142857142857143,0.7142857142857143,0.7142857142857143,0.7142857142857143,0.3090909090909091,8.108675956726074,0.028414487838745117,"[1, 1, 0, 0, 1, 1, 1, 1, 0, 1]","[0, 1, 0, 1, 1, 1, 1, 0, 1, 1]"
Noisy_f3_s4096_r1_full_standard,80,3,3,4096,1,full,standard,"['attr_13_3', 'attr_26_2', 'attr_13_2']",0.001,0.5,0.2727272727272727,0.3,0.5,0.0,0.0,0.0,0.0,0.027272727272727282,8.1175377368927,0.027248859405517578,"[1, 1, 0, 0, 1, 1, 1, 1, 0, 1]","[0, 0, 0, 0, 0, 0, 0, 0, 0, 0]"
Noisy_f3_s4096_r1_full_high,81,3,3,4096,1,full,high,"['attr_13_3', 'attr_26_2', 'attr_13_2']",0.001,0.5,0.2727272727272727,0.3,0.5,0.0,0.0,0.0,0.0,0.027272727272727282,8.145609855651855,0.026553630828857422,"[1, 1, 0, 0, 1, 1, 1, 1, 0, 1]","[0, 0, 0, 0, 0, 0, 0, 0, 0, 0]"
Noisy_f3_s4096_r2_linear_low,82,3,3,4096,2,linear,low,"['attr_13_3', 'attr_26_2', 'attr_13_2']",0.1,0.5,0.6818181818181818,0.7,0.6904761904761905,0.8333333333333334,0.7142857142857143,0.7142857142857143,0.7692307692307693,0.018181818181818188,8.399862289428711,0.025820016860961914,"[1, 1, 0, 0, 1, 1, 1, 1, 0, 1]","[0, 1, 0, 1, 1, 1, 1, 1, 0, 0]"
Noisy_f3_s4096_r2_linear_standard,83,3,3,4096,2,linear,standard,"['attr_13_3', 'attr_26_2', 'attr_13_2']",0.001,0.5,0.2727272727272727,0.3,0.5,0.0,0.0,0.0,0.0,0.027272727272727282,8.314698457717896,0.027614116668701172,"[1, 1, 0, 0, 1, 1, 1, 1, 0, 1]","[0, 0, 0, 0, 0, 0, 0, 0, 0, 0]"
Noisy_f3_s4096_r2_linear_high,84,3,3,4096,2,linear,high,"['attr_13_3', 'attr_26_2', 'attr_13_2']",0.001,0.5,0.2727272727272727,0.3,0.5,0.0,0.0,0.0,0.0,0.027272727272727282,8.524572372436523,0.02695941925048828,"[1, 1, 0, 0, 1, 1, 1, 1, 0, 1]","[0, 0, 0, 0, 0, 0, 0, 0, 0, 0]"
Noisy_f3_s4096_r2_circular_low,85,3,3,4096,2,circular,low,"['attr_13_3', 'attr_26_2', 'attr_13_2']",0.1,0.5,0.7727272727272727,0.5,0.35714285714285715,0.625,0.7142857142857143,0.7142857142857143,0.6666666666666666,0.2727272727272727,8.672175645828247,0.02745842933654785,"[1, 1, 0, 0, 1, 1, 1, 1, 0, 1]","[0, 1, 1, 1, 1, 1, 1, 1, 1, 0]"
Noisy_f3_s4096_r2_circular_standard,86,3,3,4096,2,circular,standard,"['attr_13_3', 'attr_26_2', 'attr_13_2']",0.1,0.5,0.7727272727272727,0.5,0.35714285714285715,0.625,0.7142857142857143,0.7142857142857143,0.6666666666666666,0.2727272727272727,8.823612213134766,0.025892257690429688,"[1, 1, 0, 0, 1, 1, 1, 1, 0, 1]","[0, 1, 1, 1, 1, 1, 1, 1, 1, 0]"
Noisy_f3_s4096_r2_circular_high,87,3,3,4096,2,circular,high,"['attr_13_3', 'attr_26_2', 'attr_13_2']",0.001,0.5,0.2727272727272727,0.3,0.5,0.0,0.0,0.0,0.0,0.027272727272727282,8.775270700454712,0.026992321014404297,"[1, 1, 0, 0, 1, 1, 1, 1, 0, 1]","[0, 0, 0, 0, 0, 0, 0, 0, 0, 0]"
Noisy_f3_s4096_r2_full_low,88,3,3,4096,2,full,low,"['attr_13_3', 'attr_26_2', 'attr_13_2']",0.1,0.5,0.7727272727272727,0.5,0.35714285714285715,0.625,0.7142857142857143,0.7142857142857143,0.6666666666666666,0.2727272727272727,8.548230171203613,0.029170751571655273,"[1, 1, 0, 0, 1, 1, 1, 1, 0, 1]","[0, 1, 1, 1, 1, 1, 1, 1, 1, 0]"
Noisy_f3_s4096_r2_full_standard,89,3,3,4096,2,full,standard,"['attr_13_3', 'attr_26_2', 'attr_13_2']",0.1,0.5,0.7727272727272727,0.5,0.35714285714285715,0.625,0.7142857142857143,0.7142857142857143,0.6666666666666666,0.2727272727272727,8.926924467086792,0.029703378677368164,"[1, 1, 0, 0, 1, 1, 1, 1, 0, 1]","[0, 1, 1, 1, 1, 1, 1, 1, 1, 0]"
Noisy_f3_s4096_r2_full_high,90,3,3,4096,2,full,high,"['attr_13_3', 'attr_26_2', 'attr_13_2']",0.001,0.5,0.2727272727272727,0.3,0.5,0.0,0.0,0.0,0.0,0.027272727272727282,8.800439596176147,0.029314756393432617,"[1, 1, 0, 0, 1, 1, 1, 1, 0, 1]","[0, 0, 0, 0, 0, 0, 0, 0, 0, 0]"
Noisy_f3_s8192_r1_linear_low,91,3,3,8192,1,linear,low,"['attr_13_3', 'attr_26_2', 'attr_13_2']",0.001,0.5,0.2727272727272727,0.3,0.5,0.0,0.0,0.0,0.0,0.027272727272727282,15.186747074127197,0.03161764144897461,"[1, 1, 0, 0, 1, 1, 1, 1, 0, 1]","[0, 0, 0, 0, 0, 0, 0, 0, 0, 0]"
Noisy_f3_s8192_r1_linear_standard,92,3,3,8192,1,linear,standard,"['attr_13_3', 'attr_26_2', 'attr_13_2']",0.001,0.5,0.2727272727272727,0.3,0.5,0.0,0.0,0.0,0.0,0.027272727272727282,15.225703239440918,0.025521516799926758,"[1, 1, 0, 0, 1, 1, 1, 1, 0, 1]","[0, 0, 0, 0, 0, 0, 0, 0, 0, 0]"
Noisy_f3_s8192_r1_linear_high,93,3,3,8192,1,linear,high,"['attr_13_3', 'attr_26_2', 'attr_13_2']",0.001,0.5,0.2727272727272727,0.3,0.5,0.0,0.0,0.0,0.0,0.027272727272727282,15.39973759651184,0.026032447814941406,"[1, 1, 0, 0, 1, 1, 1, 1, 0, 1]","[0, 0, 0, 0, 0, 0, 0, 0, 0, 0]"
Noisy_f3_s8192_r1_circular_low,94,3,3,8192,1,circular,low,"['attr_13_3', 'attr_26_2', 'attr_13_2']",100.0,0.611111111111111,0.9545454545454546,0.6,0.5238095238095238,0.7142857142857143,0.7142857142857143,0.7142857142857143,0.7142857142857143,0.3545454545454546,15.271465301513672,0.032614707946777344,"[1, 1, 0, 0, 1, 1, 1, 1, 0, 1]","[0, 1, 0, 1, 1, 1, 1, 0, 1, 1]"
Noisy_f3_s8192_r1_circular_standard,95,3,3,8192,1,circular,standard,"['attr_13_3', 'attr_26_2', 'attr_13_2']",0.001,0.5,0.2727272727272727,0.3,0.5,0.0,0.0,0.0,0.0,0.027272727272727282,15.569406986236572,0.029710054397583008,"[1, 1, 0, 0, 1, 1, 1, 1, 0, 1]","[0, 0, 0, 0, 0, 0, 0, 0, 0, 0]"
Noisy_f3_s8192_r1_circular_high,96,3,3,8192,1,circular,high,"['attr_13_3', 'attr_26_2', 'attr_13_2']",0.001,0.5,0.2727272727272727,0.3,0.5,0.0,0.0,0.0,0.0,0.027272727272727282,15.496289253234863,0.02992415428161621,"[1, 1, 0, 0, 1, 1, 1, 1, 0, 1]","[0, 0, 0, 0, 0, 0, 0, 0, 0, 0]"
Noisy_f3_s8192_r1_full_low,97,3,3,8192,1,full,low,"['attr_13_3', 'attr_26_2', 'attr_13_2']",100.0,0.611111111111111,0.9545454545454546,0.6,0.5238095238095238,0.7142857142857143,0.7142857142857143,0.7142857142857143,0.7142857142857143,0.3545454545454546,15.347148418426514,0.025541305541992188,"[1, 1, 0, 0, 1, 1, 1, 1, 0, 1]","[0, 1, 0, 1, 1, 1, 1, 0, 1, 1]"
Noisy_f3_s8192_r1_full_standard,98,3,3,8192,1,full,standard,"['attr_13_3', 'attr_26_2', 'attr_13_2']",0.1,0.5,0.6818181818181818,0.7,0.6904761904761905,0.8333333333333334,0.7142857142857143,0.7142857142857143,0.7692307692307693,0.018181818181818188,15.418709754943848,0.029194116592407227,"[1, 1, 0, 0, 1, 1, 1, 1, 0, 1]","[0, 1, 0, 1, 1, 1, 1, 1, 0, 0]"
Noisy_f3_s8192_r1_full_high,99,3,3,8192,1,full,high,"['attr_13_3', 'attr_26_2', 'attr_13_2']",0.001,0.5,0.2727272727272727,0.3,0.5,0.0,0.0,0.0,0.0,0.027272727272727282,15.368493795394897,0.026967287063598633,"[1, 1, 0, 0, 1, 1, 1, 1, 0, 1]","[0, 0, 0, 0, 0, 0, 0, 0, 0, 0]"
Noisy_f3_s8192_r2_linear_low,100,3,3,8192,2,linear,low,"['attr_13_3', 'attr_26_2', 'attr_13_2']",0.001,0.5,0.2727272727272727,0.3,0.5,0.0,0.0,0.0,0.0,0.027272727272727282,15.632726192474365,0.031514883041381836,"[1, 1, 0, 0, 1, 1, 1, 1, 0, 1]","[0, 0, 0, 0, 0, 0, 0, 0, 0, 0]"
Noisy_f3_s8192_r2_linear_standard,101,3,3,8192,2,linear,standard,"['attr_13_3', 'attr_26_2', 'attr_13_2']",0.001,0.5,0.2727272727272727,0.3,0.5,0.0,0.0,0.0,0.0,0.027272727272727282,15.836134910583496,0.027225971221923828,"[1, 1, 0, 0, 1, 1, 1, 1, 0, 1]","[0, 0, 0, 0, 0, 0, 0, 0, 0, 0]"
Noisy_f3_s8192_r2_linear_high,102,3,3,8192,2,linear,high,"['attr_13_3', 'attr_26_2', 'attr_13_2']",0.001,0.5,0.2727272727272727,0.3,0.5,0.0,0.0,0.0,0.0,0.027272727272727282,16.826520681381226,0.02551555633544922,"[1, 1, 0, 0, 1, 1, 1, 1, 0, 1]","[0, 0, 0, 0, 0, 0, 0, 0, 0, 0]"
Noisy_f3_s8192_r2_circular_low,103,3,3,8192,2,circular,low,"['attr_13_3', 'attr_26_2', 'attr_13_2']",0.1,0.5,0.7272727272727273,0.7,0.6904761904761905,0.8333333333333334,0.7142857142857143,0.7142857142857143,0.7692307692307693,0.027272727272727337,15.85714077949524,0.026213407516479492,"[1, 1, 0, 0, 1, 1, 1, 1, 0, 1]","[0, 1, 0, 1, 1, 1, 1, 1, 0, 0]"
Noisy_f3_s8192_r2_circular_standard,104,3,3,8192,2,circular,standard,"['attr_13_3', 'attr_26_2', 'attr_13_2']",0.01,0.5,0.7727272727272727,0.5,0.35714285714285715,0.625,0.7142857142857143,0.7142857142857143,0.6666666666666666,0.2727272727272727,16.116618156433105,0.030504703521728516,"[1, 1, 0, 0, 1, 1, 1, 1, 0, 1]","[0, 1, 1, 1, 1, 1, 1, 1, 1, 0]"
Noisy_f3_s8192_r2_circular_high,105,3,3,8192,2,circular,high,"['attr_13_3', 'attr_26_2', 'attr_13_2']",0.001,0.5,0.2727272727272727,0.3,0.5,0.0,0.0,0.0,0.0,0.027272727272727282,16.065218210220337,0.030547618865966797,"[1, 1, 0, 0, 1, 1, 1, 1, 0, 1]","[0, 0, 0, 0, 0, 0, 0, 0, 0, 0]"
Noisy_f3_s8192_r2_full_low,106,3,3,8192,2,full,low,"['attr_13_3', 'attr_26_2', 'attr_13_2']",0.1,0.5,0.7272727272727273,0.7,0.6904761904761905,0.8333333333333334,0.7142857142857143,0.7142857142857143,0.7692307692307693,0.027272727272727337,15.946270942687988,0.02926802635192871,"[1, 1, 0, 0, 1, 1, 1, 1, 0, 1]","[0, 1, 0, 1, 1, 1, 1, 1, 0, 0]"
Noisy_f3_s8192_r2_full_standard,107,3,3,8192,2,full,standard,"['attr_13_3', 'attr_26_2', 'attr_13_2']",0.01,0.5,0.7727272727272727,0.5,0.35714285714285715,0.625,0.7142857142857143,0.7142857142857143,0.6666666666666666,0.2727272727272727,16.011839866638184,0.030480146408081055,"[1, 1, 0, 0, 1, 1, 1, 1, 0, 1]","[0, 1, 1, 1, 1, 1, 1, 1, 1, 0]"
Noisy_f3_s8192_r2_full_high,108,3,3,8192,2,full,high,"['attr_13_3', 'attr_26_2', 'attr_13_2']",0.001,0.5,0.2727272727272727,0.3,0.5,0.0,0.0,0.0,0.0,0.027272727272727282,15.678224563598633,0.03078937530517578,"[1, 1, 0, 0, 1, 1, 1, 1, 0, 1]","[0, 0, 0, 0, 0, 0, 0, 0, 0, 0]"
Noisy_f4_s1024_r1_linear_low,109,4,4,1024,1,linear,low,"['attr_13_3', 'attr_26_2', 'attr_13_2', 'attr_1_1']",0.001,0.5499999999999999,0.2727272727272727,0.3,0.5,0.0,0.0,0.0,0.0,0.027272727272727282,2.9876606464385986,0.03070664405822754,"[1, 1, 0, 0, 1, 1, 1, 1, 0, 1]","[0, 0, 0, 0, 0, 0, 0, 0, 0, 0]"
Noisy_f4_s1024_r1_linear_standard,110,4,4,1024,1,linear,standard,"['attr_13_3', 'attr_26_2', 'attr_13_2', 'attr_1_1']",1.0,0.5277777777777778,0.7727272727272727,0.7,0.7857142857142857,1.0,0.5714285714285714,0.5714285714285714,0.7272727272727273,0.07272727272727275,3.066014528274536,0.03070235252380371,"[1, 1, 0, 0, 1, 1, 1, 1, 0, 1]","[0, 1, 0, 0, 0, 1, 1, 1, 0, 0]"
Noisy_f4_s1024_r1_linear_high,111,4,4,1024,1,linear,high,"['attr_13_3', 'attr_26_2', 'attr_13_2', 'attr_1_1']",0.001,0.5,0.2727272727272727,0.3,0.5,0.0,0.0,0.0,0.0,0.027272727272727282,2.963549852371216,0.026127338409423828,"[1, 1, 0, 0, 1, 1, 1, 1, 0, 1]","[0, 0, 0, 0, 0, 0, 0, 0, 0, 0]"
Noisy_f4_s1024_r1_circular_low,112,4,4,1024,1,circular,low,"['attr_13_3', 'attr_26_2', 'attr_13_2', 'attr_1_1']",1.0,0.5777777777777778,0.7272727272727273,0.6,0.6190476190476191,0.8,0.5714285714285714,0.5714285714285714,0.6666666666666666,0.12727272727272732,3.134756326675415,0.025660276412963867,"[1, 1, 0, 0, 1, 1, 1, 1, 0, 1]","[0, 1, 0, 1, 1, 1, 1, 0, 0, 0]"
Noisy_f4_s1024_r1_circular_standard,113,4,4,1024,1,circular,standard,"['attr_13_3', 'attr_26_2', 'attr_13_2', 'attr_1_1']",10.0,0.5277777777777778,1.0,0.7,0.5952380952380952,0.75,0.8571428571428571,0.8571428571428571,0.8,0.30000000000000004,3.0929274559020996,0.025946855545043945,"[1, 1, 0, 0, 1, 1, 1, 1, 0, 1]","[0, 1, 1, 0, 1, 1, 1, 1, 1, 1]"
Noisy_f4_s1024_r1_circular_high,114,4,4,1024,1,circular,high,"['attr_13_3', 'attr_26_2', 'attr_13_2', 'attr_1_1']",0.001,0.5,0.2727272727272727,0.3,0.5,0.0,0.0,0.0,0.0,0.027272727272727282,3.320969581604004,0.026328086853027344,"[1, 1, 0, 0, 1, 1, 1, 1, 0, 1]","[0, 0, 0, 0, 0, 0, 0, 0, 0, 0]"
Noisy_f4_s1024_r1_full_low,115,4,4,1024,1,full,low,"['attr_13_3', 'attr_26_2', 'attr_13_2', 'attr_1_1']",10.0,0.5499999999999999,0.7272727272727273,0.7,0.6904761904761905,0.8333333333333334,0.7142857142857143,0.7142857142857143,0.7692307692307693,0.027272727272727337,3.4397683143615723,0.02516770362854004,"[1, 1, 0, 0, 1, 1, 1, 1, 0, 1]","[0, 1, 0, 1, 1, 1, 1, 0, 0, 1]"
Noisy_f4_s1024_r1_full_standard,116,4,4,1024,1,full,standard,"['attr_13_3', 'attr_26_2', 'attr_13_2', 'attr_1_1']",10.0,0.5277777777777778,1.0,0.7,0.5,0.7,1.0,1.0,0.8235294117647058,0.30000000000000004,3.424236297607422,0.025700807571411133,"[1, 1, 0, 0, 1, 1, 1, 1, 0, 1]","[1, 1, 1, 1, 1, 1, 1, 1, 1, 1]"
Noisy_f4_s1024_r1_full_high,117,4,4,1024,1,full,high,"['attr_13_3', 'attr_26_2', 'attr_13_2', 'attr_1_1']",0.001,0.5,0.2727272727272727,0.3,0.5,0.0,0.0,0.0,0.0,0.027272727272727282,3.4883975982666016,0.027220726013183594,"[1, 1, 0, 0, 1, 1, 1, 1, 0, 1]","[0, 0, 0, 0, 0, 0, 0, 0, 0, 0]"
Noisy_f4_s1024_r2_linear_low,118,4,4,1024,2,linear,low,"['attr_13_3', 'attr_26_2', 'attr_13_2', 'attr_1_1']",100.0,0.5277777777777778,1.0,0.9,0.9285714285714286,1.0,0.8571428571428571,0.8571428571428571,0.9230769230769231,0.09999999999999998,3.7696146965026855,0.025094270706176758,"[1, 1, 0, 0, 1, 1, 1, 1, 0, 1]","[1, 1, 0, 0, 0, 1, 1, 1, 0, 1]"
Noisy_f4_s1024_r2_linear_standard,119,4,4,1024,2,linear,standard,"['attr_13_3', 'attr_26_2', 'attr_13_2', 'attr_1_1']",0.001,0.5,0.2727272727272727,0.3,0.5,0.0,0.0,0.0,0.0,0.027272727272727282,3.775514841079712,0.03044271469116211,"[1, 1, 0, 0, 1, 1, 1, 1, 0, 1]","[0, 0, 0, 0, 0, 0, 0, 0, 0, 0]"
Noisy_f4_s1024_r2_linear_high,120,4,4,1024,2,linear,high,"['attr_13_3', 'attr_26_2', 'attr_13_2', 'attr_1_1']",0.001,0.5,0.2727272727272727,0.3,0.5,0.0,0.0,0.0,0.0,0.027272727272727282,3.727391004562378,0.02788543701171875,"[1, 1, 0, 0, 1, 1, 1, 1, 0, 1]","[0, 0, 0, 0, 0, 0, 0, 0, 0, 0]"
Noisy_f4_s1024_r2_circular_low,121,4,4,1024,2,circular,low,"['attr_13_3', 'attr_26_2', 'attr_13_2', 'attr_1_1']",10.0,0.5444444444444444,0.7727272727272727,0.8,0.8571428571428572,1.0,0.7142857142857143,0.7142857142857143,0.8333333333333334,0.027272727272727337,4.038114309310913,0.025463581085205078,"[1, 1, 0, 0, 1, 1, 1, 1, 0, 1]","[0, 1, 0, 0, 1, 1, 1, 0, 0, 1]"
Noisy_f4_s1024_r2_circular_standard,122,4,4,1024,2,circular,standard,"['attr_13_3', 'attr_26_2', 'attr_13_2', 'attr_1_1']",0.01,0.5,0.7272727272727273,0.6,0.6190476190476191,0.8,0.5714285714285714,0.5714285714285714,0.6666666666666666,0.12727272727272732,4.053605079650879,0.024925947189331055,"[1, 1, 0, 0, 1, 1, 1, 1, 0, 1]","[0, 1, 0, 1, 1, 1, 1, 0, 0, 0]"
Noisy_f4_s1024_r2_circular_high,123,4,4,1024,2,circular,high,"['attr_13_3', 'attr_26_2', 'attr_13_2', 'attr_1_1']",0.001,0.5,0.2727272727272727,0.3,0.5,0.0,0.0,0.0,0.0,0.027272727272727282,4.023742198944092,0.03038334846496582,"[1, 1, 0, 0, 1, 1, 1, 1, 0, 1]","[0, 0, 0, 0, 0, 0, 0, 0, 0, 0]"
Noisy_f4_s1024_r2_full_low,124,4,4,1024,2,full,low,"['attr_13_3', 'attr_26_2', 'attr_13_2', 'attr_1_1']",0.001,0.5,0.2727272727272727,0.3,0.5,0.0,0.0,0.0,0.0,0.027272727272727282,4.490850210189819,0.03036189079284668,"[1, 1, 0, 0, 1, 1, 1, 1, 0, 1]","[0, 0, 0, 0, 0, 0, 0, 0, 0, 0]"
Noisy_f4_s1024_r2_full_standard,125,4,4,1024,2,full,standard,"['attr_13_3', 'attr_26_2', 'attr_13_2', 'attr_1_1']",0.001,0.5,0.2727272727272727,0.3,0.5,0.0,0.0,0.0,0.0,0.027272727272727282,4.550714492797852,0.025758028030395508,"[1, 1, 0, 0, 1, 1, 1, 1, 0, 1]","[0, 0, 0, 0, 0, 0, 0, 0, 0, 0]"
Noisy_f4_s1024_r2_full_high,126,4,4,1024,2,full,high,"['attr_13_3', 'attr_26_2', 'attr_13_2', 'attr_1_1']",0.001,0.5,0.2727272727272727,0.3,0.5,0.0,0.0,0.0,0.0,0.027272727272727282,4.514622211456299,0.027569293975830078,"[1, 1, 0, 0, 1, 1, 1, 1, 0, 1]","[0, 0, 0, 0, 0, 0, 0, 0, 0, 0]"
Noisy_f4_s4096_r1_linear_low,127,4,4,4096,1,linear,low,"['attr_13_3', 'attr_26_2', 'attr_13_2', 'attr_1_1']",1.0,0.5499999999999999,0.5909090909090909,0.6,0.7142857142857143,1.0,0.42857142857142855,0.42857142857142855,0.6,0.009090909090909038,9.114913702011108,0.02493882179260254,"[1, 1, 0, 0, 1, 1, 1, 1, 0, 1]","[0, 1, 0, 0, 0, 1, 1, 0, 0, 0]"
Noisy_f4_s4096_r1_linear_standard,128,4,4,4096,1,linear,standard,"['attr_13_3', 'attr_26_2', 'attr_13_2', 'attr_1_1']",0.01,0.5166666666666667,0.6818181818181818,0.6,0.7142857142857143,1.0,0.42857142857142855,0.42857142857142855,0.6,0.08181818181818179,9.367631196975708,0.027026891708374023,"[1, 1, 0, 0, 1, 1, 1, 1, 0, 1]","[0, 1, 0, 0, 0, 1, 1, 0, 0, 0]"
Noisy_f4_s4096_r1_linear_high,129,4,4,4096,1,linear,high,"['attr_13_3', 'attr_26_2', 'attr_13_2', 'attr_1_1']",0.001,0.5,0.2727272727272727,0.3,0.5,0.0,0.0,0.0,0.0,0.027272727272727282,9.27768874168396,0.03260445594787598,"[1, 1, 0, 0, 1, 1, 1, 1, 0, 1]","[0, 0, 0, 0, 0, 0, 0, 0, 0, 0]"
Noisy_f4_s4096_r1_circular_low,130,4,4,4096,1,circular,low,"['attr_13_3', 'attr_26_2', 'attr_13_2', 'attr_1_1']",1.0,0.5777777777777778,0.7272727272727273,0.6,0.6190476190476191,0.8,0.5714285714285714,0.5714285714285714,0.6666666666666666,0.12727272727272732,9.336621284484863,0.03154301643371582,"[1, 1, 0, 0, 1, 1, 1, 1, 0, 1]","[0, 1, 0, 1, 1, 1, 1, 0, 0, 0]"
Noisy_f4_s4096_r1_circular_standard,131,4,4,4096,1,circular,standard,"['attr_13_3', 'attr_26_2', 'attr_13_2', 'attr_1_1']",0.001,0.5,0.2727272727272727,0.3,0.5,0.0,0.0,0.0,0.0,0.027272727272727282,9.515894889831543,0.025318145751953125,"[1, 1, 0, 0, 1, 1, 1, 1, 0, 1]","[0, 0, 0, 0, 0, 0, 0, 0, 0, 0]"
Noisy_f4_s4096_r1_circular_high,132,4,4,4096,1,circular,high,"['attr_13_3', 'attr_26_2', 'attr_13_2', 'attr_1_1']",0.001,0.5,0.2727272727272727,0.3,0.5,0.0,0.0,0.0,0.0,0.027272727272727282,9.761830806732178,0.026497364044189453,"[1, 1, 0, 0, 1, 1, 1, 1, 0, 1]","[0, 0, 0, 0, 0, 0, 0, 0, 0, 0]"
Noisy_f4_s4096_r1_full_low,133,4,4,4096,1,full,low,"['attr_13_3', 'attr_26_2', 'attr_13_2', 'attr_1_1']",10.0,0.5166666666666667,0.7272727272727273,0.6,0.6190476190476191,0.8,0.5714285714285714,0.5714285714285714,0.6666666666666666,0.12727272727272732,9.623614072799683,0.028948545455932617,"[1, 1, 0, 0, 1, 1, 1, 1, 0, 1]","[0, 1, 0, 1, 1, 1, 1, 0, 0, 0]"
Noisy_f4_s4096_r1_full_standard,134,4,4,4096,1,full,standard,"['attr_13_3', 'attr_26_2', 'attr_13_2', 'attr_1_1']",0.001,0.5,0.2727272727272727,0.3,0.5,0.0,0.0,0.0,0.0,0.027272727272727282,9.775199890136719,0.027540206909179688,"[1, 1, 0, 0, 1, 1, 1, 1, 0, 1]","[0, 0, 0, 0, 0, 0, 0, 0, 0, 0]"
Noisy_f4_s4096_r1_full_high,135,4,4,4096,1,full,high,"['attr_13_3', 'attr_26_2', 'attr_13_2', 'attr_1_1']",0.001,0.5,0.2727272727272727,0.3,0.5,0.0,0.0,0.0,0.0,0.027272727272727282,9.476141929626465,0.03352475166320801,"[1, 1, 0, 0, 1, 1, 1, 1, 0, 1]","[0, 0, 0, 0, 0, 0, 0, 0, 0, 0]"
Noisy_f4_s4096_r2_linear_low,136,4,4,4096,2,linear,low,"['attr_13_3', 'attr_26_2', 'attr_13_2', 'attr_1_1']",0.001,0.5,0.2727272727272727,0.3,0.5,0.0,0.0,0.0,0.0,0.027272727272727282,9.987247467041016,0.027420997619628906,"[1, 1, 0, 0, 1, 1, 1, 1, 0, 1]","[0, 0, 0, 0, 0, 0, 0, 0, 0, 0]"
Noisy_f4_s4096_r2_linear_standard,137,4,4,4096,2,linear,standard,"['attr_13_3', 'attr_26_2', 'attr_13_2', 'attr_1_1']",0.001,0.5,0.2727272727272727,0.3,0.5,0.0,0.0,0.0,0.0,0.027272727272727282,10.303533792495728,0.030429601669311523,"[1, 1, 0, 0, 1, 1, 1, 1, 0, 1]","[0, 0, 0, 0, 0, 0, 0, 0, 0, 0]"
Noisy_f4_s4096_r2_linear_high,138,4,4,4096,2,linear,high,"['attr_13_3', 'attr_26_2', 'attr_13_2', 'attr_1_1']",0.001,0.5,0.2727272727272727,0.3,0.5,0.0,0.0,0.0,0.0,0.027272727272727282,9.93741488456726,0.02744579315185547,"[1, 1, 0, 0, 1, 1, 1, 1, 0, 1]","[0, 0, 0, 0, 0, 0, 0, 0, 0, 0]"
Noisy_f4_s4096_r2_circular_low,139,4,4,4096,2,circular,low,"['attr_13_3', 'attr_26_2', 'attr_13_2', 'attr_1_1']",10.0,0.5166666666666667,0.7272727272727273,0.6,0.6190476190476191,0.8,0.5714285714285714,0.5714285714285714,0.6666666666666666,0.12727272727272732,10.091078519821167,0.029796600341796875,"[1, 1, 0, 0, 1, 1, 1, 1, 0, 1]","[0, 1, 0, 1, 1, 1, 1, 0, 0, 0]"
Noisy_f4_s4096_r2_circular_standard,140,4,4,4096,2,circular,standard,"['attr_13_3', 'attr_26_2', 'attr_13_2', 'attr_1_1']",0.1,0.5,0.7272727272727273,0.6,0.6190476190476191,0.8,0.5714285714285714,0.5714285714285714,0.6666666666666666,0.12727272727272732,10.41671872138977,0.02644824981689453,"[1, 1, 0, 0, 1, 1, 1, 1, 0, 1]","[0, 1, 0, 1, 1, 1, 1, 0, 0, 0]"
Noisy_f4_s4096_r2_circular_high,141,4,4,4096,2,circular,high,"['attr_13_3', 'attr_26_2', 'attr_13_2', 'attr_1_1']",0.001,0.5,0.2727272727272727,0.3,0.5,0.0,0.0,0.0,0.0,0.027272727272727282,10.41521143913269,0.02688288688659668,"[1, 1, 0, 0, 1, 1, 1, 1, 0, 1]","[0, 0, 0, 0, 0, 0, 0, 0, 0, 0]"
Noisy_f4_s4096_r2_full_low,142,4,4,4096,2,full,low,"['attr_13_3', 'attr_26_2', 'attr_13_2', 'attr_1_1']",10.0,0.5166666666666667,0.7272727272727273,0.6,0.6190476190476191,0.8,0.5714285714285714,0.5714285714285714,0.6666666666666666,0.12727272727272732,10.65393614768982,0.032411813735961914,"[1, 1, 0, 0, 1, 1, 1, 1, 0, 1]","[0, 1, 0, 1, 1, 1, 1, 0, 0, 0]"
Noisy_f4_s4096_r2_full_standard,143,4,4,4096,2,full,standard,"['attr_13_3', 'attr_26_2', 'attr_13_2', 'attr_1_1']",0.001,0.5,0.2727272727272727,0.3,0.5,0.0,0.0,0.0,0.0,0.027272727272727282,10.799389123916626,0.024403810501098633,"[1, 1, 0, 0, 1, 1, 1, 1, 0, 1]","[0, 0, 0, 0, 0, 0, 0, 0, 0, 0]"
Noisy_f4_s4096_r2_full_high,144,4,4,4096,2,full,high,"['attr_13_3', 'attr_26_2', 'attr_13_2', 'attr_1_1']",0.001,0.5,0.2727272727272727,0.3,0.5,0.0,0.0,0.0,0.0,0.027272727272727282,10.879048347473145,0.030350446701049805,"[1, 1, 0, 0, 1, 1, 1, 1, 0, 1]","[0, 0, 0, 0, 0, 0, 0, 0, 0, 0]"
Noisy_f4_s8192_r1_linear_low,145,4,4,8192,1,linear,low,"['attr_13_3', 'attr_26_2', 'attr_13_2', 'attr_1_1']",1.0,0.5499999999999999,0.5909090909090909,0.6,0.7142857142857143,1.0,0.42857142857142855,0.42857142857142855,0.6,0.009090909090909038,17.102259159088135,0.03026103973388672,"[1, 1, 0, 0, 1, 1, 1, 1, 0, 1]","[0, 1, 0, 0, 0, 1, 1, 0, 0, 0]"
Noisy_f4_s8192_r1_linear_standard,146,4,4,8192,1,linear,standard,"['attr_13_3', 'attr_26_2', 'attr_13_2', 'attr_1_1']",0.01,0.5166666666666667,0.7727272727272727,0.6,0.7142857142857143,1.0,0.42857142857142855,0.42857142857142855,0.6,0.17272727272727273,17.290074348449707,0.025783300399780273,"[1, 1, 0, 0, 1, 1, 1, 1, 0, 1]","[0, 1, 0, 0, 0, 1, 1, 0, 0, 0]"
Noisy_f4_s8192_r1_linear_high,147,4,4,8192,1,linear,high,"['attr_13_3', 'attr_26_2', 'attr_13_2', 'attr_1_1']",0.001,0.5,0.2727272727272727,0.3,0.5,0.0,0.0,0.0,0.0,0.027272727272727282,17.73641800880432,0.026916980743408203,"[1, 1, 0, 0, 1, 1, 1, 1, 0, 1]","[0, 0, 0, 0, 0, 0, 0, 0, 0, 0]"
Noisy_f4_s8192_r1_circular_low,148,4,4,8192,1,circular,low,"['attr_13_3', 'attr_26_2', 'attr_13_2', 'attr_1_1']",100.0,0.611111111111111,1.0,0.6,0.42857142857142855,0.6666666666666666,0.8571428571428571,0.8571428571428571,0.75,0.4,17.6074435710907,0.0262300968170166,"[1, 1, 0, 0, 1, 1, 1, 1, 0, 1]","[1, 1, 1, 1, 1, 1, 1, 0, 1, 1]"
Noisy_f4_s8192_r1_circular_standard,149,4,4,8192,1,circular,standard,"['attr_13_3', 'attr_26_2', 'attr_13_2', 'attr_1_1']",0.01,0.5,0.7272727272727273,0.6,0.6190476190476191,0.8,0.5714285714285714,0.5714285714285714,0.6666666666666666,0.12727272727272732,17.76528239250183,0.030643939971923828,"[1, 1, 0, 0, 1, 1, 1, 1, 0, 1]","[0, 1, 0, 1, 1, 1, 1, 0, 0, 0]"
Noisy_f4_s8192_r1_circular_high,150,4,4,8192,1,circular,high,"['attr_13_3', 'attr_26_2', 'attr_13_2', 'attr_1_1']",0.001,0.5,0.2727272727272727,0.3,0.5,0.0,0.0,0.0,0.0,0.027272727272727282,17.768601417541504,0.025283098220825195,"[1, 1, 0, 0, 1, 1, 1, 1, 0, 1]","[0, 0, 0, 0, 0, 0, 0, 0, 0, 0]"
Noisy_f4_s8192_r1_full_low,151,4,4,8192,1,full,low,"['attr_13_3', 'attr_26_2', 'attr_13_2', 'attr_1_1']",100.0,0.5777777777777778,1.0,0.9,0.8333333333333333,0.875,1.0,1.0,0.9333333333333333,0.09999999999999998,18.42915987968445,0.03155064582824707,"[1, 1, 0, 0, 1, 1, 1, 1, 0, 1]","[1, 1, 1, 0, 1, 1, 1, 1, 0, 1]"
Noisy_f4_s8192_r1_full_standard,152,4,4,8192,1,full,standard,"['attr_13_3', 'attr_26_2', 'attr_13_2', 'attr_1_1']",0.001,0.5,0.2727272727272727,0.3,0.5,0.0,0.0,0.0,0.0,0.027272727272727282,18.389575481414795,0.026867151260375977,"[1, 1, 0, 0, 1, 1, 1, 1, 0, 1]","[0, 0, 0, 0, 0, 0, 0, 0, 0, 0]"
Noisy_f4_s8192_r1_full_high,153,4,4,8192,1,full,high,"['attr_13_3', 'attr_26_2', 'attr_13_2', 'attr_1_1']",0.001,0.5,0.2727272727272727,0.3,0.5,0.0,0.0,0.0,0.0,0.027272727272727282,17.50338101387024,0.024866819381713867,"[1, 1, 0, 0, 1, 1, 1, 1, 0, 1]","[0, 0, 0, 0, 0, 0, 0, 0, 0, 0]"
Noisy_f4_s8192_r2_linear_low,154,4,4,8192,2,linear,low,"['attr_13_3', 'attr_26_2', 'attr_13_2', 'attr_1_1']",0.001,0.5,0.2727272727272727,0.3,0.5,0.0,0.0,0.0,0.0,0.027272727272727282,17.966715097427368,0.030534744262695312,"[1, 1, 0, 0, 1, 1, 1, 1, 0, 1]","[0, 0, 0, 0, 0, 0, 0, 0, 0, 0]"
Noisy_f4_s8192_r2_linear_standard,155,4,4,8192,2,linear,standard,"['attr_13_3', 'attr_26_2', 'attr_13_2', 'attr_1_1']",0.001,0.5,0.2727272727272727,0.3,0.5,0.0,0.0,0.0,0.0,0.027272727272727282,18.617567777633667,0.02600264549255371,"[1, 1, 0, 0, 1, 1, 1, 1, 0, 1]","[0, 0, 0, 0, 0, 0, 0, 0, 0, 0]"
Noisy_f4_s8192_r2_linear_high,156,4,4,8192,2,linear,high,"['attr_13_3', 'attr_26_2', 'attr_13_2', 'attr_1_1']",0.001,0.5,0.2727272727272727,0.3,0.5,0.0,0.0,0.0,0.0,0.027272727272727282,17.934500694274902,0.03398919105529785,"[1, 1, 0, 0, 1, 1, 1, 1, 0, 1]","[0, 0, 0, 0, 0, 0, 0, 0, 0, 0]"
Noisy_f4_s8192_r2_circular_low,157,4,4,8192,2,circular,low,"['attr_13_3', 'attr_26_2', 'attr_13_2', 'attr_1_1']",100.0,0.5499999999999999,1.0,0.7,0.5952380952380952,0.75,0.8571428571428571,0.8571428571428571,0.8,0.30000000000000004,18.761430740356445,0.026798725128173828,"[1, 1, 0, 0, 1, 1, 1, 1, 0, 1]","[1, 1, 1, 1, 1, 1, 1, 0, 0, 1]"
Noisy_f4_s8192_r2_circular_standard,158,4,4,8192,2,circular,standard,"['attr_13_3', 'attr_26_2', 'attr_13_2', 'attr_1_1']",0.001,0.5,0.2727272727272727,0.3,0.5,0.0,0.0,0.0,0.0,0.027272727272727282,18.571974754333496,0.030263185501098633,"[1, 1, 0, 0, 1, 1, 1, 1, 0, 1]","[0, 0, 0, 0, 0, 0, 0, 0, 0, 0]"
Noisy_f4_s8192_r2_circular_high,159,4,4,8192,2,circular,high,"['attr_13_3', 'attr_26_2', 'attr_13_2', 'attr_1_1']",0.001,0.5,0.2727272727272727,0.3,0.5,0.0,0.0,0.0,0.0,0.027272727272727282,18.975576162338257,0.027079343795776367,"[1, 1, 0, 0, 1, 1, 1, 1, 0, 1]","[0, 0, 0, 0, 0, 0, 0, 0, 0, 0]"
Noisy_f4_s8192_r2_full_low,160,4,4,8192,2,full,low,"['attr_13_3', 'attr_26_2', 'attr_13_2', 'attr_1_1']",100.0,0.5777777777777778,1.0,0.6,0.42857142857142855,0.6666666666666666,0.8571428571428571,0.8571428571428571,0.75,0.4,19.194583415985107,0.028397321701049805,"[1, 1, 0, 0, 1, 1, 1, 1, 0, 1]","[1, 1, 1, 1, 1, 1, 1, 0, 1, 1]"
Noisy_f4_s8192_r2_full_standard,161,4,4,8192,2,full,standard,"['attr_13_3', 'attr_26_2', 'attr_13_2', 'attr_1_1']",0.01,0.5,0.2727272727272727,0.3,0.5,0.0,0.0,0.0,0.0,0.027272727272727282,19.156776666641235,0.02554798126220703,"[1, 1, 0, 0, 1, 1, 1, 1, 0, 1]","[0, 0, 0, 0, 0, 0, 0, 0, 0, 0]"
Noisy_f4_s8192_r2_full_high,162,4,4,8192,2,full,high,"['attr_13_3', 'attr_26_2', 'attr_13_2', 'attr_1_1']",0.001,0.5,0.2727272727272727,0.3,0.5,0.0,0.0,0.0,0.0,0.027272727272727282,18.566579580307007,0.030901432037353516,"[1, 1, 0, 0, 1, 1, 1, 1, 0, 1]","[0, 0, 0, 0, 0, 0, 0, 0, 0, 0]"
Noisy_f5_s1024_r1_linear_low,163,5,5,1024,1,linear,low,"['attr_13_3', 'attr_26_2', 'attr_13_2', 'attr_1_1', 'attr_3_0']",100.0,0.5277777777777778,0.9545454545454546,0.7,0.6904761904761905,0.8333333333333334,0.7142857142857143,0.7142857142857143,0.7692307692307693,0.25454545454545463,3.683683395385742,0.02588629722595215,"[1, 1, 0, 0, 1, 1, 1, 1, 0, 1]","[0, 1, 1, 0, 0, 1, 1, 1, 0, 1]"
Noisy_f5_s1024_r1_linear_standard,164,5,5,1024,1,linear,standard,"['attr_13_3', 'attr_26_2', 'attr_13_2', 'attr_1_1', 'attr_3_0']",1.0,0.5277777777777778,0.7727272727272727,0.8,0.8571428571428572,1.0,0.7142857142857143,0.7142857142857143,0.8333333333333334,0.027272727272727337,3.6179869174957275,0.026233434677124023,"[1, 1, 0, 0, 1, 1, 1, 1, 0, 1]","[0, 1, 0, 0, 1, 1, 1, 1, 0, 0]"
Noisy_f5_s1024_r1_linear_high,165,5,5,1024,1,linear,high,"['attr_13_3', 'attr_26_2', 'attr_13_2', 'attr_1_1', 'attr_3_0']",0.001,0.5,0.2727272727272727,0.3,0.5,0.0,0.0,0.0,0.0,0.027272727272727282,3.634030818939209,0.02626776695251465,"[1, 1, 0, 0, 1, 1, 1, 1, 0, 1]","[0, 0, 0, 0, 0, 0, 0, 0, 0, 0]"
Noisy_f5_s1024_r1_circular_low,166,5,5,1024,1,circular,low,"['attr_13_3', 'attr_26_2', 'attr_13_2', 'attr_1_1', 'attr_3_0']",1.0,0.5444444444444444,0.7272727272727273,0.6,0.6190476190476191,0.8,0.5714285714285714,0.5714285714285714,0.6666666666666666,0.12727272727272732,3.897932767868042,0.028086423873901367,"[1, 1, 0, 0, 1, 1, 1, 1, 0, 1]","[0, 1, 0, 1, 1, 1, 1, 0, 0, 0]"
Noisy_f5_s1024_r1_circular_standard,167,5,5,1024,1,circular,standard,"['attr_13_3', 'attr_26_2', 'attr_13_2', 'attr_1_1', 'attr_3_0']",0.001,0.5,0.2727272727272727,0.3,0.5,0.0,0.0,0.0,0.0,0.027272727272727282,3.8273775577545166,0.03395485877990723,"[1, 1, 0, 0, 1, 1, 1, 1, 0, 1]","[0, 0, 0, 0, 0, 0, 0, 0, 0, 0]"
Noisy_f5_s1024_r1_circular_high,168,5,5,1024,1,circular,high,"['attr_13_3', 'attr_26_2', 'attr_13_2', 'attr_1_1', 'attr_3_0']",0.001,0.5,0.2727272727272727,0.3,0.5,0.0,0.0,0.0,0.0,0.027272727272727282,3.8163981437683105,0.025786161422729492,"[1, 1, 0, 0, 1, 1, 1, 1, 0, 1]","[0, 0, 0, 0, 0, 0, 0, 0, 0, 0]"
Noisy_f5_s1024_r1_full_low,169,5,5,1024,1,full,low,"['attr_13_3', 'attr_26_2', 'attr_13_2', 'attr_1_1', 'attr_3_0']",0.01,0.5,0.7272727272727273,0.7,0.5,0.7,1.0,1.0,0.8235294117647058,0.027272727272727337,4.775799512863159,0.024802207946777344,"[1, 1, 0, 0, 1, 1, 1, 1, 0, 1]","[1, 1, 1, 1, 1, 1, 1, 1, 1, 1]"
Noisy_f5_s1024_r1_full_standard,170,5,5,1024,1,full,standard,"['attr_13_3', 'attr_26_2', 'attr_13_2', 'attr_1_1', 'attr_3_0']",0.001,0.5,0.2727272727272727,0.3,0.5,0.0,0.0,0.0,0.0,0.027272727272727282,4.70216965675354,0.034522056579589844,"[1, 1, 0, 0, 1, 1, 1, 1, 0, 1]","[0, 0, 0, 0, 0, 0, 0, 0, 0, 0]"
Noisy_f5_s1024_r1_full_high,171,5,5,1024,1,full,high,"['attr_13_3', 'attr_26_2', 'attr_13_2', 'attr_1_1', 'attr_3_0']",0.001,0.5,0.2727272727272727,0.3,0.5,0.0,0.0,0.0,0.0,0.027272727272727282,4.698167562484741,0.02581644058227539,"[1, 1, 0, 0, 1, 1, 1, 1, 0, 1]","[0, 0, 0, 0, 0, 0, 0, 0, 0, 0]"
Noisy_f5_s1024_r2_linear_low,172,5,5,1024,2,linear,low,"['attr_13_3', 'attr_26_2', 'attr_13_2', 'attr_1_1', 'attr_3_0']",0.1,0.5,0.7272727272727273,0.8,0.8571428571428572,1.0,0.7142857142857143,0.7142857142857143,0.8333333333333334,0.07272727272727275,4.90268087387085,0.028014183044433594,"[1, 1, 0, 0, 1, 1, 1, 1, 0, 1]","[0, 1, 0, 0, 1, 1, 1, 1, 0, 0]"
Noisy_f5_s1024_r2_linear_standard,173,5,5,1024,2,linear,standard,"['attr_13_3', 'attr_26_2', 'attr_13_2', 'attr_1_1', 'attr_3_0']",0.001,0.5,0.2727272727272727,0.3,0.5,0.0,0.0,0.0,0.0,0.027272727272727282,4.927509546279907,0.02657318115234375,"[1, 1, 0, 0, 1, 1, 1, 1, 0, 1]","[0, 0, 0, 0, 0, 0, 0, 0, 0, 0]"
Noisy_f5_s1024_r2_linear_high,174,5,5,1024,2,linear,high,"['attr_13_3', 'attr_26_2', 'attr_13_2', 'attr_1_1', 'attr_3_0']",0.001,0.5,0.2727272727272727,0.3,0.5,0.0,0.0,0.0,0.0,0.027272727272727282,4.85578989982605,0.028238773345947266,"[1, 1, 0, 0, 1, 1, 1, 1, 0, 1]","[0, 0, 0, 0, 0, 0, 0, 0, 0, 0]"
Noisy_f5_s1024_r2_circular_low,175,5,5,1024,2,circular,low,"['attr_13_3', 'attr_26_2', 'attr_13_2', 'attr_1_1', 'attr_3_0']",0.01,0.5,0.7272727272727273,0.6,0.6190476190476191,0.8,0.5714285714285714,0.5714285714285714,0.6666666666666666,0.12727272727272732,5.261932134628296,0.030075550079345703,"[1, 1, 0, 0, 1, 1, 1, 1, 0, 1]","[0, 1, 0, 1, 1, 1, 1, 0, 0, 0]"
Noisy_f5_s1024_r2_circular_standard,176,5,5,1024,2,circular,standard,"['attr_13_3', 'attr_26_2', 'attr_13_2', 'attr_1_1', 'attr_3_0']",0.001,0.5,0.2727272727272727,0.3,0.5,0.0,0.0,0.0,0.0,0.027272727272727282,5.134247064590454,0.031455039978027344,"[1, 1, 0, 0, 1, 1, 1, 1, 0, 1]","[0, 0, 0, 0, 0, 0, 0, 0, 0, 0]"
Noisy_f5_s1024_r2_circular_high,177,5,5,1024,2,circular,high,"['attr_13_3', 'attr_26_2', 'attr_13_2', 'attr_1_1', 'attr_3_0']",0.001,0.5,0.2727272727272727,0.3,0.5,0.0,0.0,0.0,0.0,0.027272727272727282,5.314330339431763,0.026578664779663086,"[1, 1, 0, 0, 1, 1, 1, 1, 0, 1]","[0, 0, 0, 0, 0, 0, 0, 0, 0, 0]"
Noisy_f5_s1024_r2_full_low,178,5,5,1024,2,full,low,"['attr_13_3', 'attr_26_2', 'attr_13_2', 'attr_1_1', 'attr_3_0']",0.001,0.5,0.2727272727272727,0.3,0.5,0.0,0.0,0.0,0.0,0.027272727272727282,6.5596535205841064,0.027225017547607422,"[1, 1, 0, 0, 1, 1, 1, 1, 0, 1]","[0, 0, 0, 0, 0, 0, 0, 0, 0, 0]"
Noisy_f5_s1024_r2_full_standard,179,5,5,1024,2,full,standard,"['attr_13_3', 'attr_26_2', 'attr_13_2', 'attr_1_1', 'attr_3_0']",0.001,0.5,0.2727272727272727,0.3,0.5,0.0,0.0,0.0,0.0,0.027272727272727282,6.678300857543945,0.026323556900024414,"[1, 1, 0, 0, 1, 1, 1, 1, 0, 1]","[0, 0, 0, 0, 0, 0, 0, 0, 0, 0]"
Noisy_f5_s1024_r2_full_high,180,5,5,1024,2,full,high,"['attr_13_3', 'attr_26_2', 'attr_13_2', 'attr_1_1', 'attr_3_0']",0.001,0.5,0.2727272727272727,0.3,0.5,0.0,0.0,0.0,0.0,0.027272727272727282,6.720862627029419,0.030464649200439453,"[1, 1, 0, 0, 1, 1, 1, 1, 0, 1]","[0, 0, 0, 0, 0, 0, 0, 0, 0, 0]"
Noisy_f5_s4096_r1_linear_low,181,5,5,4096,1,linear,low,"['attr_13_3', 'attr_26_2', 'attr_13_2', 'attr_1_1', 'attr_3_0']",0.001,0.5,0.2727272727272727,0.3,0.5,0.0,0.0,0.0,0.0,0.027272727272727282,10.532618761062622,0.025681018829345703,"[1, 1, 0, 0, 1, 1, 1, 1, 0, 1]","[0, 0, 0, 0, 0, 0, 0, 0, 0, 0]"
Noisy_f5_s4096_r1_linear_standard,182,5,5,4096,1,linear,standard,"['attr_13_3', 'attr_26_2', 'attr_13_2', 'attr_1_1', 'attr_3_0']",1.0,0.561111111111111,0.7727272727272727,0.8,0.8571428571428572,1.0,0.7142857142857143,0.7142857142857143,0.8333333333333334,0.027272727272727337,10.708695888519287,0.03361392021179199,"[1, 1, 0, 0, 1, 1, 1, 1, 0, 1]","[0, 1, 0, 0, 1, 1, 1, 1, 0, 0]"
Noisy_f5_s4096_r1_linear_high,183,5,5,4096,1,linear,high,"['attr_13_3', 'attr_26_2', 'attr_13_2', 'attr_1_1', 'attr_3_0']",0.001,0.5,0.2727272727272727,0.3,0.5,0.0,0.0,0.0,0.0,0.027272727272727282,10.772813558578491,0.02508091926574707,"[1, 1, 0, 0, 1, 1, 1, 1, 0, 1]","[0, 0, 0, 0, 0, 0, 0, 0, 0, 0]"
Noisy_f5_s4096_r1_circular_low,184,5,5,4096,1,circular,low,"['attr_13_3', 'attr_26_2', 'attr_13_2', 'attr_1_1', 'attr_3_0']",1.0,0.5444444444444444,0.7272727272727273,0.6,0.6190476190476191,0.8,0.5714285714285714,0.5714285714285714,0.6666666666666666,0.12727272727272732,10.752812385559082,0.028828144073486328,"[1, 1, 0, 0, 1, 1, 1, 1, 0, 1]","[0, 1, 0, 1, 1, 1, 1, 0, 0, 0]"
Noisy_f5_s4096_r1_circular_standard,185,5,5,4096,1,circular,standard,"['attr_13_3', 'attr_26_2', 'attr_13_2', 'attr_1_1', 'attr_3_0']",0.001,0.5,0.2727272727272727,0.3,0.5,0.0,0.0,0.0,0.0,0.027272727272727282,10.873845100402832,0.02768230438232422,"[1, 1, 0, 0, 1, 1, 1, 1, 0, 1]","[0, 0, 0, 0, 0, 0, 0, 0, 0, 0]"
Noisy_f5_s4096_r1_circular_high,186,5,5,4096,1,circular,high,"['attr_13_3', 'attr_26_2', 'attr_13_2', 'attr_1_1', 'attr_3_0']",0.001,0.5,0.2727272727272727,0.3,0.5,0.0,0.0,0.0,0.0,0.027272727272727282,10.79594373703003,0.02586078643798828,"[1, 1, 0, 0, 1, 1, 1, 1, 0, 1]","[0, 0, 0, 0, 0, 0, 0, 0, 0, 0]"
Noisy_f5_s4096_r1_full_low,187,5,5,4096,1,full,low,"['attr_13_3', 'attr_26_2', 'attr_13_2', 'attr_1_1', 'attr_3_0']",0.01,0.5,0.6818181818181818,0.6,0.6190476190476191,0.8,0.5714285714285714,0.5714285714285714,0.6666666666666666,0.08181818181818179,11.739400863647461,0.03765082359313965,"[1, 1, 0, 0, 1, 1, 1, 1, 0, 1]","[0, 1, 0, 1, 1, 1, 1, 0, 0, 0]"
Noisy_f5_s4096_r1_full_standard,188,5,5,4096,1,full,standard,"['attr_13_3', 'attr_26_2', 'attr_13_2', 'attr_1_1', 'attr_3_0']",0.001,0.5,0.2727272727272727,0.3,0.5,0.0,0.0,0.0,0.0,0.027272727272727282,11.635167121887207,0.02456068992614746,"[1, 1, 0, 0, 1, 1, 1, 1, 0, 1]","[0, 0, 0, 0, 0, 0, 0, 0, 0, 0]"
Noisy_f5_s4096_r1_full_high,189,5,5,4096,1,full,high,"['attr_13_3', 'attr_26_2', 'attr_13_2', 'attr_1_1', 'attr_3_0']",0.001,0.5,0.2727272727272727,0.3,0.5,0.0,0.0,0.0,0.0,0.027272727272727282,11.806321620941162,0.025367259979248047,"[1, 1, 0, 0, 1, 1, 1, 1, 0, 1]","[0, 0, 0, 0, 0, 0, 0, 0, 0, 0]"
Noisy_f5_s4096_r2_linear_low,190,5,5,4096,2,linear,low,"['attr_13_3', 'attr_26_2', 'attr_13_2', 'attr_1_1', 'attr_3_0']",0.001,0.5,0.2727272727272727,0.3,0.5,0.0,0.0,0.0,0.0,0.027272727272727282,11.837636470794678,0.030633926391601562,"[1, 1, 0, 0, 1, 1, 1, 1, 0, 1]","[0, 0, 0, 0, 0, 0, 0, 0, 0, 0]"
Noisy_f5_s4096_r2_linear_standard,191,5,5,4096,2,linear,standard,"['attr_13_3', 'attr_26_2', 'attr_13_2', 'attr_1_1', 'attr_3_0']",0.01,0.5,0.8181818181818182,0.7,0.6904761904761905,0.8333333333333334,0.7142857142857143,0.7142857142857143,0.7692307692307693,0.11818181818181828,11.786290645599365,0.026111841201782227,"[1, 1, 0, 0, 1, 1, 1, 1, 0, 1]","[0, 1, 0, 1, 1, 1, 1, 1, 0, 0]"
Noisy_f5_s4096_r2_linear_high,192,5,5,4096,2,linear,high,"['attr_13_3', 'attr_26_2', 'attr_13_2', 'attr_1_1', 'attr_3_0']",0.001,0.5,0.2727272727272727,0.3,0.5,0.0,0.0,0.0,0.0,0.027272727272727282,12.0875244140625,0.025249242782592773,"[1, 1, 0, 0, 1, 1, 1, 1, 0, 1]","[0, 0, 0, 0, 0, 0, 0, 0, 0, 0]"
Noisy_f5_s4096_r2_circular_low,193,5,5,4096,2,circular,low,"['attr_13_3', 'attr_26_2', 'attr_13_2', 'attr_1_1', 'attr_3_0']",0.1,0.5,0.7272727272727273,0.6,0.6190476190476191,0.8,0.5714285714285714,0.5714285714285714,0.6666666666666666,0.12727272727272732,12.0642569065094,0.036783456802368164,"[1, 1, 0, 0, 1, 1, 1, 1, 0, 1]","[0, 1, 0, 1, 1, 1, 1, 0, 0, 0]"
Noisy_f5_s4096_r2_circular_standard,194,5,5,4096,2,circular,standard,"['attr_13_3', 'attr_26_2', 'attr_13_2', 'attr_1_1', 'attr_3_0']",0.01,0.5,0.8181818181818182,0.7,0.6904761904761905,0.8333333333333334,0.7142857142857143,0.7142857142857143,0.7692307692307693,0.11818181818181828,12.423389673233032,0.02494525909423828,"[1, 1, 0, 0, 1, 1, 1, 1, 0, 1]","[0, 1, 0, 1, 1, 1, 1, 1, 0, 0]"
Noisy_f5_s4096_r2_circular_high,195,5,5,4096,2,circular,high,"['attr_13_3', 'attr_26_2', 'attr_13_2', 'attr_1_1', 'attr_3_0']",0.001,0.5,0.2727272727272727,0.3,0.5,0.0,0.0,0.0,0.0,0.027272727272727282,12.45983099937439,0.0273435115814209,"[1, 1, 0, 0, 1, 1, 1, 1, 0, 1]","[0, 0, 0, 0, 0, 0, 0, 0, 0, 0]"
Noisy_f5_s4096_r2_full_low,196,5,5,4096,2,full,low,"['attr_13_3', 'attr_26_2', 'attr_13_2', 'attr_1_1', 'attr_3_0']",0.001,0.5,0.2727272727272727,0.3,0.5,0.0,0.0,0.0,0.0,0.027272727272727282,13.550618171691895,0.02575230598449707,"[1, 1, 0, 0, 1, 1, 1, 1, 0, 1]","[0, 0, 0, 0, 0, 0, 0, 0, 0, 0]"
Noisy_f5_s4096_r2_full_standard,197,5,5,4096,2,full,standard,"['attr_13_3', 'attr_26_2', 'attr_13_2', 'attr_1_1', 'attr_3_0']",0.001,0.5,0.2727272727272727,0.3,0.5,0.0,0.0,0.0,0.0,0.027272727272727282,13.493495464324951,0.02780437469482422,"[1, 1, 0, 0, 1, 1, 1, 1, 0, 1]","[0, 0, 0, 0, 0, 0, 0, 0, 0, 0]"
Noisy_f5_s4096_r2_full_high,198,5,5,4096,2,full,high,"['attr_13_3', 'attr_26_2', 'attr_13_2', 'attr_1_1', 'attr_3_0']",0.001,0.5,0.2727272727272727,0.3,0.5,0.0,0.0,0.0,0.0,0.027272727272727282,13.95103144645691,0.03241729736328125,"[1, 1, 0, 0, 1, 1, 1, 1, 0, 1]","[0, 0, 0, 0, 0, 0, 0, 0, 0, 0]"
Noisy_f5_s8192_r1_linear_low,199,5,5,8192,1,linear,low,"['attr_13_3', 'attr_26_2', 'attr_13_2', 'attr_1_1', 'attr_3_0']",100.0,0.5166666666666667,1.0,0.9,0.8333333333333333,0.875,1.0,1.0,0.9333333333333333,0.09999999999999998,20.24932050704956,0.027601242065429688,"[1, 1, 0, 0, 1, 1, 1, 1, 0, 1]","[1, 1, 0, 0, 1, 1, 1, 1, 1, 1]"
Noisy_f5_s8192_r1_linear_standard,200,5,5,8192,1,linear,standard,"['attr_13_3', 'attr_26_2', 'attr_13_2', 'attr_1_1', 'attr_3_0']",1.0,0.561111111111111,0.7727272727272727,0.7,0.6904761904761905,0.8333333333333334,0.7142857142857143,0.7142857142857143,0.7692307692307693,0.07272727272727275,21.10132098197937,0.024771928787231445,"[1, 1, 0, 0, 1, 1, 1, 1, 0, 1]","[0, 1, 0, 1, 1, 1, 1, 1, 0, 0]"
Noisy_f5_s8192_r1_linear_high,201,5,5,8192,1,linear,high,"['attr_13_3', 'attr_26_2', 'attr_13_2', 'attr_1_1', 'attr_3_0']",0.001,0.5,0.2727272727272727,0.3,0.5,0.0,0.0,0.0,0.0,0.027272727272727282,20.035146713256836,0.04298591613769531,"[1, 1, 0, 0, 1, 1, 1, 1, 0, 1]","[0, 0, 0, 0, 0, 0, 0, 0, 0, 0]"
Noisy_f5_s8192_r1_circular_low,202,5,5,8192,1,circular,low,"['attr_13_3', 'attr_26_2', 'attr_13_2', 'attr_1_1', 'attr_3_0']",1.0,0.5444444444444444,0.7272727272727273,0.6,0.6190476190476191,0.8,0.5714285714285714,0.5714285714285714,0.6666666666666666,0.12727272727272732,19.6231050491333,0.0263826847076416,"[1, 1, 0, 0, 1, 1, 1, 1, 0, 1]","[0, 1, 0, 1, 1, 1, 1, 0, 0, 0]"
Noisy_f5_s8192_r1_circular_standard,203,5,5,8192,1,circular,standard,"['attr_13_3', 'attr_26_2', 'attr_13_2', 'attr_1_1', 'attr_3_0']",0.01,0.5499999999999999,0.7272727272727273,0.6,0.6190476190476191,0.8,0.5714285714285714,0.5714285714285714,0.6666666666666666,0.12727272727272732,19.87735366821289,0.02622699737548828,"[1, 1, 0, 0, 1, 1, 1, 1, 0, 1]","[0, 1, 0, 1, 1, 1, 1, 0, 0, 0]"
Noisy_f5_s8192_r1_circular_high,204,5,5,8192,1,circular,high,"['attr_13_3', 'attr_26_2', 'attr_13_2', 'attr_1_1', 'attr_3_0']",0.001,0.5,0.2727272727272727,0.3,0.5,0.0,0.0,0.0,0.0,0.027272727272727282,20.253846406936646,0.0283358097076416,"[1, 1, 0, 0, 1, 1, 1, 1, 0, 1]","[0, 0, 0, 0, 0, 0, 0, 0, 0, 0]"
Noisy_f5_s8192_r1_full_low,205,5,5,8192,1,full,low,"['attr_13_3', 'attr_26_2', 'attr_13_2', 'attr_1_1', 'attr_3_0']",0.001,0.5,0.2727272727272727,0.3,0.5,0.0,0.0,0.0,0.0,0.027272727272727282,20.324867248535156,0.03127622604370117,"[1, 1, 0, 0, 1, 1, 1, 1, 0, 1]","[0, 0, 0, 0, 0, 0, 0, 0, 0, 0]"
Noisy_f5_s8192_r1_full_standard,206,5,5,8192,1,full,standard,"['attr_13_3', 'attr_26_2', 'attr_13_2', 'attr_1_1', 'attr_3_0']",0.001,0.5,0.2727272727272727,0.3,0.5,0.0,0.0,0.0,0.0,0.027272727272727282,21.336143732070923,0.029994487762451172,"[1, 1, 0, 0, 1, 1, 1, 1, 0, 1]","[0, 0, 0, 0, 0, 0, 0, 0, 0, 0]"
Noisy_f5_s8192_r1_full_high,207,5,5,8192,1,full,high,"['attr_13_3', 'attr_26_2', 'attr_13_2', 'attr_1_1', 'attr_3_0']",0.001,0.5,0.2727272727272727,0.3,0.5,0.0,0.0,0.0,0.0,0.027272727272727282,21.349995851516724,0.025897979736328125,"[1, 1, 0, 0, 1, 1, 1, 1, 0, 1]","[0, 0, 0, 0, 0, 0, 0, 0, 0, 0]"
Noisy_f5_s8192_r2_linear_low,208,5,5,8192,2,linear,low,"['attr_13_3', 'attr_26_2', 'attr_13_2', 'attr_1_1', 'attr_3_0']",0.01,0.5166666666666667,0.7272727272727273,0.7,0.6904761904761905,0.8333333333333334,0.7142857142857143,0.7142857142857143,0.7692307692307693,0.027272727272727337,21.06549072265625,0.0302736759185791,"[1, 1, 0, 0, 1, 1, 1, 1, 0, 1]","[0, 1, 0, 1, 1, 1, 1, 1, 0, 0]"
Noisy_f5_s8192_r2_linear_standard,209,5,5,8192,2,linear,standard,"['attr_13_3', 'attr_26_2', 'attr_13_2', 'attr_1_1', 'attr_3_0']",0.001,0.5,0.2727272727272727,0.3,0.5,0.0,0.0,0.0,0.0,0.027272727272727282,21.2353413105011,0.03130602836608887,"[1, 1, 0, 0, 1, 1, 1, 1, 0, 1]","[0, 0, 0, 0, 0, 0, 0, 0, 0, 0]"
Noisy_f5_s8192_r2_linear_high,210,5,5,8192,2,linear,high,"['attr_13_3', 'attr_26_2', 'attr_13_2', 'attr_1_1', 'attr_3_0']",0.001,0.5,0.2727272727272727,0.3,0.5,0.0,0.0,0.0,0.0,0.027272727272727282,21.5995876789093,0.026607036590576172,"[1, 1, 0, 0, 1, 1, 1, 1, 0, 1]","[0, 0, 0, 0, 0, 0, 0, 0, 0, 0]"
Noisy_f5_s8192_r2_circular_low,211,5,5,8192,2,circular,low,"['attr_13_3', 'attr_26_2', 'attr_13_2', 'attr_1_1', 'attr_3_0']",0.1,0.5,0.7272727272727273,0.6,0.6190476190476191,0.8,0.5714285714285714,0.5714285714285714,0.6666666666666666,0.12727272727272732,21.526633262634277,0.027566194534301758,"[1, 1, 0, 0, 1, 1, 1, 1, 0, 1]","[0, 1, 0, 1, 1, 1, 1, 0, 0, 0]"
Noisy_f5_s8192_r2_circular_standard,212,5,5,8192,2,circular,standard,"['attr_13_3', 'attr_26_2', 'attr_13_2', 'attr_1_1', 'attr_3_0']",0.001,0.5,0.2727272727272727,0.3,0.5,0.0,0.0,0.0,0.0,0.027272727272727282,21.82272243499756,0.027063369750976562,"[1, 1, 0, 0, 1, 1, 1, 1, 0, 1]","[0, 0, 0, 0, 0, 0, 0, 0, 0, 0]"
Noisy_f5_s8192_r2_circular_high,213,5,5,8192,2,circular,high,"['attr_13_3', 'attr_26_2', 'attr_13_2', 'attr_1_1', 'attr_3_0']",0.001,0.5,0.2727272727272727,0.3,0.5,0.0,0.0,0.0,0.0,0.027272727272727282,21.920589447021484,0.026866436004638672,"[1, 1, 0, 0, 1, 1, 1, 1, 0, 1]","[0, 0, 0, 0, 0, 0, 0, 0, 0, 0]"
Noisy_f5_s8192_r2_full_low,214,5,5,8192,2,full,low,"['attr_13_3', 'attr_26_2', 'attr_13_2', 'attr_1_1', 'attr_3_0']",0.001,0.5,0.2727272727272727,0.3,0.5,0.0,0.0,0.0,0.0,0.027272727272727282,23.229156494140625,0.028004884719848633,"[1, 1, 0, 0, 1, 1, 1, 1, 0, 1]","[0, 0, 0, 0, 0, 0, 0, 0, 0, 0]"
Noisy_f5_s8192_r2_full_standard,215,5,5,8192,2,full,standard,"['attr_13_3', 'attr_26_2', 'attr_13_2', 'attr_1_1', 'attr_3_0']",0.001,0.5,0.2727272727272727,0.3,0.5,0.0,0.0,0.0,0.0,0.027272727272727282,23.401849031448364,0.026287317276000977,"[1, 1, 0, 0, 1, 1, 1, 1, 0, 1]","[0, 0, 0, 0, 0, 0, 0, 0, 0, 0]"
Noisy_f5_s8192_r2_full_high,216,5,5,8192,2,full,high,"['attr_13_3', 'attr_26_2', 'attr_13_2', 'attr_1_1', 'attr_3_0']",0.001,0.5,0.2727272727272727,0.3,0.5,0.0,0.0,0.0,0.0,0.027272727272727282,22.994186878204346,0.03115081787109375,"[1, 1, 0, 0, 1, 1, 1, 1, 0, 1]","[0, 0, 0, 0, 0, 0, 0, 0, 0, 0]"
Noisy_f6_s1024_r1_linear_low,217,6,6,1024,1,linear,low,"['attr_13_3', 'attr_26_2', 'attr_13_2', 'attr_1_1', 'attr_3_0', 'attr_3_1']",0.1,0.5,0.5909090909090909,0.6,0.7142857142857143,1.0,0.42857142857142855,0.42857142857142855,0.6,0.009090909090909038,5.358875274658203,0.026584863662719727,"[1, 1, 0, 0, 1, 1, 1, 1, 0, 1]","[0, 1, 0, 0, 0, 1, 1, 0, 0, 0]"
Noisy_f6_s1024_r1_linear_standard,218,6,6,1024,1,linear,standard,"['attr_13_3', 'attr_26_2', 'attr_13_2', 'attr_1_1', 'attr_3_0', 'attr_3_1']",0.01,0.5166666666666667,0.8181818181818182,0.8,0.8571428571428572,1.0,0.7142857142857143,0.7142857142857143,0.8333333333333334,0.018181818181818188,5.229663372039795,0.04011940956115723,"[1, 1, 0, 0, 1, 1, 1, 1, 0, 1]","[0, 1, 0, 0, 1, 1, 1, 1, 0, 0]"
Noisy_f6_s1024_r1_linear_high,219,6,6,1024,1,linear,high,"['attr_13_3', 'attr_26_2', 'attr_13_2', 'attr_1_1', 'attr_3_0', 'attr_3_1']",0.001,0.5,0.2727272727272727,0.3,0.5,0.0,0.0,0.0,0.0,0.027272727272727282,5.2681884765625,0.025234222412109375,"[1, 1, 0, 0, 1, 1, 1, 1, 0, 1]","[0, 0, 0, 0, 0, 0, 0, 0, 0, 0]"
Noisy_f6_s1024_r1_circular_low,220,6,6,1024,1,circular,low,"['attr_13_3', 'attr_26_2', 'attr_13_2', 'attr_1_1', 'attr_3_0', 'attr_3_1']",1.0,0.5111111111111111,0.7272727272727273,0.5,0.5476190476190476,0.75,0.42857142857142855,0.42857142857142855,0.5454545454545454,0.2272727272727273,5.504780530929565,0.04727339744567871,"[1, 1, 0, 0, 1, 1, 1, 1, 0, 1]","[0, 1, 0, 1, 1, 0, 1, 0, 0, 0]"
Noisy_f6_s1024_r1_circular_standard,221,6,6,1024,1,circular,standard,"['attr_13_3', 'attr_26_2', 'attr_13_2', 'attr_1_1', 'attr_3_0', 'attr_3_1']",0.001,0.5,0.2727272727272727,0.3,0.5,0.0,0.0,0.0,0.0,0.027272727272727282,5.647729158401489,0.026731014251708984,"[1, 1, 0, 0, 1, 1, 1, 1, 0, 1]","[0, 0, 0, 0, 0, 0, 0, 0, 0, 0]"
Noisy_f6_s1024_r1_circular_high,222,6,6,1024,1,circular,high,"['attr_13_3', 'attr_26_2', 'attr_13_2', 'attr_1_1', 'attr_3_0', 'attr_3_1']",0.001,0.5,0.2727272727272727,0.3,0.5,0.0,0.0,0.0,0.0,0.027272727272727282,5.526744842529297,0.025461435317993164,"[1, 1, 0, 0, 1, 1, 1, 1, 0, 1]","[0, 0, 0, 0, 0, 0, 0, 0, 0, 0]"
Noisy_f6_s1024_r1_full_low,223,6,6,1024,1,full,low,"['attr_13_3', 'attr_26_2', 'attr_13_2', 'attr_1_1', 'attr_3_0', 'attr_3_1']",0.001,0.5,0.2727272727272727,0.3,0.5,0.0,0.0,0.0,0.0,0.027272727272727282,8.047993183135986,0.02486586570739746,"[1, 1, 0, 0, 1, 1, 1, 1, 0, 1]","[0, 0, 0, 0, 0, 0, 0, 0, 0, 0]"
Noisy_f6_s1024_r1_full_standard,224,6,6,1024,1,full,standard,"['attr_13_3', 'attr_26_2', 'attr_13_2', 'attr_1_1', 'attr_3_0', 'attr_3_1']",0.001,0.5,0.2727272727272727,0.3,0.5,0.0,0.0,0.0,0.0,0.027272727272727282,8.381269216537476,0.025705575942993164,"[1, 1, 0, 0, 1, 1, 1, 1, 0, 1]","[0, 0, 0, 0, 0, 0, 0, 0, 0, 0]"
Noisy_f6_s1024_r1_full_high,225,6,6,1024,1,full,high,"['attr_13_3', 'attr_26_2', 'attr_13_2', 'attr_1_1', 'attr_3_0', 'attr_3_1']",0.001,0.5,0.2727272727272727,0.3,0.5,0.0,0.0,0.0,0.0,0.027272727272727282,8.066066265106201,0.028252601623535156,"[1, 1, 0, 0, 1, 1, 1, 1, 0, 1]","[0, 0, 0, 0, 0, 0, 0, 0, 0, 0]"
Noisy_f6_s1024_r2_linear_low,226,6,6,1024,2,linear,low,"['attr_13_3', 'attr_26_2', 'attr_13_2', 'attr_1_1', 'attr_3_0', 'attr_3_1']",0.001,0.5499999999999999,0.2727272727272727,0.3,0.5,0.0,0.0,0.0,0.0,0.027272727272727282,7.484013795852661,0.02720808982849121,"[1, 1, 0, 0, 1, 1, 1, 1, 0, 1]","[0, 0, 0, 0, 0, 0, 0, 0, 0, 0]"
Noisy_f6_s1024_r2_linear_standard,227,6,6,1024,2,linear,standard,"['attr_13_3', 'attr_26_2', 'attr_13_2', 'attr_1_1', 'attr_3_0', 'attr_3_1']",0.001,0.5,0.2727272727272727,0.3,0.5,0.0,0.0,0.0,0.0,0.027272727272727282,7.320266485214233,0.028092145919799805,"[1, 1, 0, 0, 1, 1, 1, 1, 0, 1]","[0, 0, 0, 0, 0, 0, 0, 0, 0, 0]"
Noisy_f6_s1024_r2_linear_high,228,6,6,1024,2,linear,high,"['attr_13_3', 'attr_26_2', 'attr_13_2', 'attr_1_1', 'attr_3_0', 'attr_3_1']",0.001,0.5,0.2727272727272727,0.3,0.5,0.0,0.0,0.0,0.0,0.027272727272727282,7.520434856414795,0.02603006362915039,"[1, 1, 0, 0, 1, 1, 1, 1, 0, 1]","[0, 0, 0, 0, 0, 0, 0, 0, 0, 0]"
Noisy_f6_s1024_r2_circular_low,229,6,6,1024,2,circular,low,"['attr_13_3', 'attr_26_2', 'attr_13_2', 'attr_1_1', 'attr_3_0', 'attr_3_1']",0.01,0.5166666666666667,0.7272727272727273,0.5,0.5476190476190476,0.75,0.42857142857142855,0.42857142857142855,0.5454545454545454,0.2272727272727273,8.556785583496094,0.025969982147216797,"[1, 1, 0, 0, 1, 1, 1, 1, 0, 1]","[0, 1, 0, 1, 1, 0, 1, 0, 0, 0]"
Noisy_f6_s1024_r2_circular_standard,230,6,6,1024,2,circular,standard,"['attr_13_3', 'attr_26_2', 'attr_13_2', 'attr_1_1', 'attr_3_0', 'attr_3_1']",0.001,0.5,0.2727272727272727,0.3,0.5,0.0,0.0,0.0,0.0,0.027272727272727282,8.21442437171936,0.026459217071533203,"[1, 1, 0, 0, 1, 1, 1, 1, 0, 1]","[0, 0, 0, 0, 0, 0, 0, 0, 0, 0]"
Noisy_f6_s1024_r2_circular_high,231,6,6,1024,2,circular,high,"['attr_13_3', 'attr_26_2', 'attr_13_2', 'attr_1_1', 'attr_3_0', 'attr_3_1']",0.001,0.5,0.2727272727272727,0.3,0.5,0.0,0.0,0.0,0.0,0.027272727272727282,8.22363805770874,0.028553009033203125,"[1, 1, 0, 0, 1, 1, 1, 1, 0, 1]","[0, 0, 0, 0, 0, 0, 0, 0, 0, 0]"
Noisy_f6_s1024_r2_full_low,232,6,6,1024,2,full,low,"['attr_13_3', 'attr_26_2', 'attr_13_2', 'attr_1_1', 'attr_3_0', 'attr_3_1']",0.1,0.5,0.7727272727272727,0.4,0.47619047619047616,0.6666666666666666,0.2857142857142857,0.2857142857142857,0.4,0.3727272727272727,13.472169876098633,0.026066064834594727,"[1, 1, 0, 0, 1, 1, 1, 1, 0, 1]","[0, 1, 0, 1, 1, 0, 0, 0, 0, 0]"
Noisy_f6_s1024_r2_full_standard,233,6,6,1024,2,full,standard,"['attr_13_3', 'attr_26_2', 'attr_13_2', 'attr_1_1', 'attr_3_0', 'attr_3_1']",0.1,0.5,1.0,0.4,0.2857142857142857,0.5714285714285714,0.5714285714285714,0.5714285714285714,0.5714285714285714,0.6,13.398977756500244,0.02492046356201172,"[1, 1, 0, 0, 1, 1, 1, 1, 0, 1]","[0, 1, 1, 1, 1, 1, 1, 0, 1, 0]"
Noisy_f6_s1024_r2_full_high,234,6,6,1024,2,full,high,"['attr_13_3', 'attr_26_2', 'attr_13_2', 'attr_1_1', 'attr_3_0', 'attr_3_1']",0.001,0.5,0.2727272727272727,0.3,0.5,0.0,0.0,0.0,0.0,0.027272727272727282,13.230043649673462,0.02487921714782715,"[1, 1, 0, 0, 1, 1, 1, 1, 0, 1]","[0, 0, 0, 0, 0, 0, 0, 0, 0, 0]"
Noisy_f6_s4096_r1_linear_low,235,6,6,4096,1,linear,low,"['attr_13_3', 'attr_26_2', 'attr_13_2', 'attr_1_1', 'attr_3_0', 'attr_3_1']",0.1,0.5,0.5909090909090909,0.6,0.7142857142857143,1.0,0.42857142857142855,0.42857142857142855,0.6,0.009090909090909038,13.190552473068237,0.026671409606933594,"[1, 1, 0, 0, 1, 1, 1, 1, 0, 1]","[0, 1, 0, 0, 0, 1, 1, 0, 0, 0]"
Noisy_f6_s4096_r1_linear_standard,236,6,6,4096,1,linear,standard,"['attr_13_3', 'attr_26_2', 'attr_13_2', 'attr_1_1', 'attr_3_0', 'attr_3_1']",0.001,0.5499999999999999,0.2727272727272727,0.3,0.5,0.0,0.0,0.0,0.0,0.027272727272727282,13.142098426818848,0.026498794555664062,"[1, 1, 0, 0, 1, 1, 1, 1, 0, 1]","[0, 0, 0, 0, 0, 0, 0, 0, 0, 0]"
Noisy_f6_s4096_r1_linear_high,237,6,6,4096,1,linear,high,"['attr_13_3', 'attr_26_2', 'attr_13_2', 'attr_1_1', 'attr_3_0', 'attr_3_1']",0.001,0.5,0.2727272727272727,0.3,0.5,0.0,0.0,0.0,0.0,0.027272727272727282,13.181205987930298,0.025420188903808594,"[1, 1, 0, 0, 1, 1, 1, 1, 0, 1]","[0, 0, 0, 0, 0, 0, 0, 0, 0, 0]"
Noisy_f6_s4096_r1_circular_low,238,6,6,4096,1,circular,low,"['attr_13_3', 'attr_26_2', 'attr_13_2', 'attr_1_1', 'attr_3_0', 'attr_3_1']",0.001,0.5,0.2727272727272727,0.3,0.5,0.0,0.0,0.0,0.0,0.027272727272727282,12.999954223632812,0.024605274200439453,"[1, 1, 0, 0, 1, 1, 1, 1, 0, 1]","[0, 0, 0, 0, 0, 0, 0, 0, 0, 0]"
Noisy_f6_s4096_r1_circular_standard,239,6,6,4096,1,circular,standard,"['attr_13_3', 'attr_26_2', 'attr_13_2', 'attr_1_1', 'attr_3_0', 'attr_3_1']",0.001,0.5,0.2727272727272727,0.3,0.5,0.0,0.0,0.0,0.0,0.027272727272727282,12.769444465637207,0.025615453720092773,"[1, 1, 0, 0, 1, 1, 1, 1, 0, 1]","[0, 0, 0, 0, 0, 0, 0, 0, 0, 0]"
Noisy_f6_s4096_r1_circular_high,240,6,6,4096,1,circular,high,"['attr_13_3', 'attr_26_2', 'attr_13_2', 'attr_1_1', 'attr_3_0', 'attr_3_1']",0.001,0.5,0.2727272727272727,0.3,0.5,0.0,0.0,0.0,0.0,0.027272727272727282,13.508546590805054,0.027587890625,"[1, 1, 0, 0, 1, 1, 1, 1, 0, 1]","[0, 0, 0, 0, 0, 0, 0, 0, 0, 0]"
Noisy_f6_s4096_r1_full_low,241,6,6,4096,1,full,low,"['attr_13_3', 'attr_26_2', 'attr_13_2', 'attr_1_1', 'attr_3_0', 'attr_3_1']",0.001,0.5,0.2727272727272727,0.3,0.5,0.0,0.0,0.0,0.0,0.027272727272727282,15.948680400848389,0.027133703231811523,"[1, 1, 0, 0, 1, 1, 1, 1, 0, 1]","[0, 0, 0, 0, 0, 0, 0, 0, 0, 0]"
Noisy_f6_s4096_r1_full_standard,242,6,6,4096,1,full,standard,"['attr_13_3', 'attr_26_2', 'attr_13_2', 'attr_1_1', 'attr_3_0', 'attr_3_1']",0.001,0.5,0.2727272727272727,0.3,0.5,0.0,0.0,0.0,0.0,0.027272727272727282,16.313886642456055,0.03134608268737793,"[1, 1, 0, 0, 1, 1, 1, 1, 0, 1]","[0, 0, 0, 0, 0, 0, 0, 0, 0, 0]"
Noisy_f6_s4096_r1_full_high,243,6,6,4096,1,full,high,"['attr_13_3', 'attr_26_2', 'attr_13_2', 'attr_1_1', 'attr_3_0', 'attr_3_1']",0.001,0.5,0.2727272727272727,0.3,0.5,0.0,0.0,0.0,0.0,0.027272727272727282,16.081820726394653,0.027534961700439453,"[1, 1, 0, 0, 1, 1, 1, 1, 0, 1]","[0, 0, 0, 0, 0, 0, 0, 0, 0, 0]"
Noisy_f6_s4096_r2_linear_low,244,6,6,4096,2,linear,low,"['attr_13_3', 'attr_26_2', 'attr_13_2', 'attr_1_1', 'attr_3_0', 'attr_3_1']",0.001,0.5,0.2727272727272727,0.3,0.5,0.0,0.0,0.0,0.0,0.027272727272727282,15.219576597213745,0.026015043258666992,"[1, 1, 0, 0, 1, 1, 1, 1, 0, 1]","[0, 0, 0, 0, 0, 0, 0, 0, 0, 0]"
Noisy_f6_s4096_r2_linear_standard,245,6,6,4096,2,linear,standard,"['attr_13_3', 'attr_26_2', 'attr_13_2', 'attr_1_1', 'attr_3_0', 'attr_3_1']",0.001,0.5,0.2727272727272727,0.3,0.5,0.0,0.0,0.0,0.0,0.027272727272727282,15.593271255493164,0.02712535858154297,"[1, 1, 0, 0, 1, 1, 1, 1, 0, 1]","[0, 0, 0, 0, 0, 0, 0, 0, 0, 0]"
Noisy_f6_s4096_r2_linear_high,246,6,6,4096,2,linear,high,"['attr_13_3', 'attr_26_2', 'attr_13_2', 'attr_1_1', 'attr_3_0', 'attr_3_1']",0.001,0.5,0.2727272727272727,0.3,0.5,0.0,0.0,0.0,0.0,0.027272727272727282,15.002932786941528,0.027176856994628906,"[1, 1, 0, 0, 1, 1, 1, 1, 0, 1]","[0, 0, 0, 0, 0, 0, 0, 0, 0, 0]"
Noisy_f6_s4096_r2_circular_low,247,6,6,4096,2,circular,low,"['attr_13_3', 'attr_26_2', 'attr_13_2', 'attr_1_1', 'attr_3_0', 'attr_3_1']",1.0,0.5111111111111111,0.7272727272727273,0.5,0.5476190476190476,0.75,0.42857142857142855,0.42857142857142855,0.5454545454545454,0.2272727272727273,16.116889476776123,0.02706313133239746,"[1, 1, 0, 0, 1, 1, 1, 1, 0, 1]","[0, 1, 0, 1, 1, 0, 1, 0, 0, 0]"
Noisy_f6_s4096_r2_circular_standard,248,6,6,4096,2,circular,standard,"['attr_13_3', 'attr_26_2', 'attr_13_2', 'attr_1_1', 'attr_3_0', 'attr_3_1']",0.001,0.5,0.2727272727272727,0.3,0.5,0.0,0.0,0.0,0.0,0.027272727272727282,16.33052921295166,0.026071548461914062,"[1, 1, 0, 0, 1, 1, 1, 1, 0, 1]","[0, 0, 0, 0, 0, 0, 0, 0, 0, 0]"
Noisy_f6_s4096_r2_circular_high,249,6,6,4096,2,circular,high,"['attr_13_3', 'attr_26_2', 'attr_13_2', 'attr_1_1', 'attr_3_0', 'attr_3_1']",0.001,0.5,0.2727272727272727,0.3,0.5,0.0,0.0,0.0,0.0,0.027272727272727282,17.71366000175476,0.02521371841430664,"[1, 1, 0, 0, 1, 1, 1, 1, 0, 1]","[0, 0, 0, 0, 0, 0, 0, 0, 0, 0]"
Noisy_f6_s4096_r2_full_low,250,6,6,4096,2,full,low,"['attr_13_3', 'attr_26_2', 'attr_13_2', 'attr_1_1', 'attr_3_0', 'attr_3_1']",0.001,0.5,0.2727272727272727,0.3,0.5,0.0,0.0,0.0,0.0,0.027272727272727282,21.11409020423889,0.027786731719970703,"[1, 1, 0, 0, 1, 1, 1, 1, 0, 1]","[0, 0, 0, 0, 0, 0, 0, 0, 0, 0]"
Noisy_f6_s4096_r2_full_standard,251,6,6,4096,2,full,standard,"['attr_13_3', 'attr_26_2', 'attr_13_2', 'attr_1_1', 'attr_3_0', 'attr_3_1']",0.001,0.5,0.2727272727272727,0.3,0.5,0.0,0.0,0.0,0.0,0.027272727272727282,21.474170446395874,0.024950027465820312,"[1, 1, 0, 0, 1, 1, 1, 1, 0, 1]","[0, 0, 0, 0, 0, 0, 0, 0, 0, 0]"
Noisy_f6_s4096_r2_full_high,252,6,6,4096,2,full,high,"['attr_13_3', 'attr_26_2', 'attr_13_2', 'attr_1_1', 'attr_3_0', 'attr_3_1']",0.001,0.5,0.2727272727272727,0.3,0.5,0.0,0.0,0.0,0.0,0.027272727272727282,21.526237726211548,0.025724172592163086,"[1, 1, 0, 0, 1, 1, 1, 1, 0, 1]","[0, 0, 0, 0, 0, 0, 0, 0, 0, 0]"
Noisy_f6_s8192_r1_linear_low,253,6,6,8192,1,linear,low,"['attr_13_3', 'attr_26_2', 'attr_13_2', 'attr_1_1', 'attr_3_0', 'attr_3_1']",0.001,0.5,0.2727272727272727,0.3,0.5,0.0,0.0,0.0,0.0,0.027272727272727282,23.380274057388306,0.027044296264648438,"[1, 1, 0, 0, 1, 1, 1, 1, 0, 1]","[0, 0, 0, 0, 0, 0, 0, 0, 0, 0]"
Noisy_f6_s8192_r1_linear_standard,254,6,6,8192,1,linear,standard,"['attr_13_3', 'attr_26_2', 'attr_13_2', 'attr_1_1', 'attr_3_0', 'attr_3_1']",0.001,0.5,0.2727272727272727,0.3,0.5,0.0,0.0,0.0,0.0,0.027272727272727282,22.867783308029175,0.024268388748168945,"[1, 1, 0, 0, 1, 1, 1, 1, 0, 1]","[0, 0, 0, 0, 0, 0, 0, 0, 0, 0]"
Noisy_f6_s8192_r1_linear_high,255,6,6,8192,1,linear,high,"['attr_13_3', 'attr_26_2', 'attr_13_2', 'attr_1_1', 'attr_3_0', 'attr_3_1']",0.001,0.5,0.2727272727272727,0.3,0.5,0.0,0.0,0.0,0.0,0.027272727272727282,23.782042026519775,0.02605605125427246,"[1, 1, 0, 0, 1, 1, 1, 1, 0, 1]","[0, 0, 0, 0, 0, 0, 0, 0, 0, 0]"
Noisy_f6_s8192_r1_circular_low,256,6,6,8192,1,circular,low,"['attr_13_3', 'attr_26_2', 'attr_13_2', 'attr_1_1', 'attr_3_0', 'attr_3_1']",0.1,0.5,0.7272727272727273,0.5,0.5476190476190476,0.75,0.42857142857142855,0.42857142857142855,0.5454545454545454,0.2272727272727273,23.436015844345093,0.03040909767150879,"[1, 1, 0, 0, 1, 1, 1, 1, 0, 1]","[0, 1, 0, 1, 1, 0, 1, 0, 0, 0]"
Noisy_f6_s8192_r1_circular_standard,257,6,6,8192,1,circular,standard,"['attr_13_3', 'attr_26_2', 'attr_13_2', 'attr_1_1', 'attr_3_0', 'attr_3_1']",0.001,0.5,0.2727272727272727,0.3,0.5,0.0,0.0,0.0,0.0,0.027272727272727282,22.659454345703125,0.025127410888671875,"[1, 1, 0, 0, 1, 1, 1, 1, 0, 1]","[0, 0, 0, 0, 0, 0, 0, 0, 0, 0]"
Noisy_f6_s8192_r1_circular_high,258,6,6,8192,1,circular,high,"['attr_13_3', 'attr_26_2', 'attr_13_2', 'attr_1_1', 'attr_3_0', 'attr_3_1']",0.001,0.5,0.2727272727272727,0.3,0.5,0.0,0.0,0.0,0.0,0.027272727272727282,23.594363689422607,0.029385805130004883,"[1, 1, 0, 0, 1, 1, 1, 1, 0, 1]","[0, 0, 0, 0, 0, 0, 0, 0, 0, 0]"
Noisy_f6_s8192_r1_full_low,259,6,6,8192,1,full,low,"['attr_13_3', 'attr_26_2', 'attr_13_2', 'attr_1_1', 'attr_3_0', 'attr_3_1']",0.1,0.5,0.7727272727272727,0.5,0.5476190476190476,0.75,0.42857142857142855,0.42857142857142855,0.5454545454545454,0.2727272727272727,26.098562002182007,0.038979291915893555,"[1, 1, 0, 0, 1, 1, 1, 1, 0, 1]","[0, 1, 0, 1, 1, 0, 1, 0, 0, 0]"
Noisy_f6_s8192_r1_full_standard,260,6,6,8192,1,full,standard,"['attr_13_3', 'attr_26_2', 'attr_13_2', 'attr_1_1', 'attr_3_0', 'attr_3_1']",0.01,0.5,0.2727272727272727,0.3,0.5,0.0,0.0,0.0,0.0,0.027272727272727282,25.901618480682373,0.026485919952392578,"[1, 1, 0, 0, 1, 1, 1, 1, 0, 1]","[0, 0, 0, 0, 0, 0, 0, 0, 0, 0]"
Noisy_f6_s8192_r1_full_high,261,6,6,8192,1,full,high,"['attr_13_3', 'attr_26_2', 'attr_13_2', 'attr_1_1', 'attr_3_0', 'attr_3_1']",0.001,0.5,0.2727272727272727,0.3,0.5,0.0,0.0,0.0,0.0,0.027272727272727282,26.85855007171631,0.027144908905029297,"[1, 1, 0, 0, 1, 1, 1, 1, 0, 1]","[0, 0, 0, 0, 0, 0, 0, 0, 0, 0]"
Noisy_f6_s8192_r2_linear_low,262,6,6,8192,2,linear,low,"['attr_13_3', 'attr_26_2', 'attr_13_2', 'attr_1_1', 'attr_3_0', 'attr_3_1']",0.001,0.5,0.2727272727272727,0.3,0.5,0.0,0.0,0.0,0.0,0.027272727272727282,25.505931854248047,0.02826976776123047,"[1, 1, 0, 0, 1, 1, 1, 1, 0, 1]","[0, 0, 0, 0, 0, 0, 0, 0, 0, 0]"
Noisy_f6_s8192_r2_linear_standard,263,6,6,8192,2,linear,standard,"['attr_13_3', 'attr_26_2', 'attr_13_2', 'attr_1_1', 'attr_3_0', 'attr_3_1']",0.1,0.5,0.9090909090909091,0.7,0.6904761904761905,0.8333333333333334,0.7142857142857143,0.7142857142857143,0.7692307692307693,0.2090909090909091,25.823619842529297,0.03040790557861328,"[1, 1, 0, 0, 1, 1, 1, 1, 0, 1]","[0, 1, 0, 1, 1, 1, 1, 1, 0, 0]"
Noisy_f6_s8192_r2_linear_high,264,6,6,8192,2,linear,high,"['attr_13_3', 'attr_26_2', 'attr_13_2', 'attr_1_1', 'attr_3_0', 'attr_3_1']",0.001,0.5,0.2727272727272727,0.3,0.5,0.0,0.0,0.0,0.0,0.027272727272727282,26.355624198913574,0.030686616897583008,"[1, 1, 0, 0, 1, 1, 1, 1, 0, 1]","[0, 0, 0, 0, 0, 0, 0, 0, 0, 0]"
Noisy_f6_s8192_r2_circular_low,265,6,6,8192,2,circular,low,"['attr_13_3', 'attr_26_2', 'attr_13_2', 'attr_1_1', 'attr_3_0', 'attr_3_1']",1.0,0.5111111111111111,0.7272727272727273,0.5,0.5476190476190476,0.75,0.42857142857142855,0.42857142857142855,0.5454545454545454,0.2272727272727273,26.44571805000305,0.03228402137756348,"[1, 1, 0, 0, 1, 1, 1, 1, 0, 1]","[0, 1, 0, 1, 1, 0, 1, 0, 0, 0]"
Noisy_f6_s8192_r2_circular_standard,266,6,6,8192,2,circular,standard,"['attr_13_3', 'attr_26_2', 'attr_13_2', 'attr_1_1', 'attr_3_0', 'attr_3_1']",0.01,0.5,0.8181818181818182,0.6,0.6190476190476191,0.8,0.5714285714285714,0.5714285714285714,0.6666666666666666,0.21818181818181825,25.701106786727905,0.027193784713745117,"[1, 1, 0, 0, 1, 1, 1, 1, 0, 1]","[0, 1, 0, 1, 1, 1, 1, 0, 0, 0]"
Noisy_f6_s8192_r2_circular_high,267,6,6,8192,2,circular,high,"['attr_13_3', 'attr_26_2', 'attr_13_2', 'attr_1_1', 'attr_3_0', 'attr_3_1']",0.001,0.5,0.2727272727272727,0.3,0.5,0.0,0.0,0.0,0.0,0.027272727272727282,26.435004472732544,0.02686786651611328,"[1, 1, 0, 0, 1, 1, 1, 1, 0, 1]","[0, 0, 0, 0, 0, 0, 0, 0, 0, 0]"
Noisy_f6_s8192_r2_full_low,268,6,6,8192,2,full,low,"['attr_13_3', 'attr_26_2', 'attr_13_2', 'attr_1_1', 'attr_3_0', 'attr_3_1']",0.001,0.5,0.2727272727272727,0.3,0.5,0.0,0.0,0.0,0.0,0.027272727272727282,31.645251274108887,0.027956724166870117,"[1, 1, 0, 0, 1, 1, 1, 1, 0, 1]","[0, 0, 0, 0, 0, 0, 0, 0, 0, 0]"
Noisy_f6_s8192_r2_full_standard,269,6,6,8192,2,full,standard,"['attr_13_3', 'attr_26_2', 'attr_13_2', 'attr_1_1', 'attr_3_0', 'attr_3_1']",0.1,0.5,1.0,0.5,0.35714285714285715,0.625,0.7142857142857143,0.7142857142857143,0.6666666666666666,0.5,31.86561131477356,0.02605438232421875,"[1, 1, 0, 0, 1, 1, 1, 1, 0, 1]","[0, 1, 1, 1, 1, 1, 1, 1, 1, 0]"
Noisy_f6_s8192_r2_full_high,270,6,6,8192,2,full,high,"['attr_13_3', 'attr_26_2', 'attr_13_2', 'attr_1_1', 'attr_3_0', 'attr_3_1']",0.001,0.5,0.2727272727272727,0.3,0.5,0.0,0.0,0.0,0.0,0.027272727272727282,32.210251808166504,0.03156852722167969,"[1, 1, 0, 0, 1, 1, 1, 1, 0, 1]","[0, 0, 0, 0, 0, 0, 0, 0, 0, 0]"
Noisy_f7_s1024_r1_linear_low,271,7,7,1024,1,linear,low,"['attr_13_3', 'attr_26_2', 'attr_13_2', 'attr_1_1', 'attr_3_0', 'attr_3_1', 'attr_2_2']",0.01,0.6,0.6818181818181818,0.7,0.7857142857142857,1.0,0.5714285714285714,0.5714285714285714,0.7272727272727273,0.018181818181818188,10.356599569320679,0.028512239456176758,"[1, 1, 0, 0, 1, 1, 1, 1, 0, 1]","[0, 1, 0, 0, 0, 1, 1, 1, 0, 0]"
Noisy_f7_s1024_r1_linear_standard,272,7,7,1024,1,linear,standard,"['attr_13_3', 'attr_26_2', 'attr_13_2', 'attr_1_1', 'attr_3_0', 'attr_3_1', 'attr_2_2']",0.01,0.6,0.8636363636363636,0.7,0.7857142857142857,1.0,0.5714285714285714,0.5714285714285714,0.7272727272727273,0.1636363636363637,9.878525257110596,0.026097774505615234,"[1, 1, 0, 0, 1, 1, 1, 1, 0, 1]","[0, 1, 0, 0, 0, 1, 1, 1, 0, 0]"
Noisy_f7_s1024_r1_linear_high,273,7,7,1024,1,linear,high,"['attr_13_3', 'attr_26_2', 'attr_13_2', 'attr_1_1', 'attr_3_0', 'attr_3_1', 'attr_2_2']",0.001,0.5,0.2727272727272727,0.3,0.5,0.0,0.0,0.0,0.0,0.027272727272727282,10.350615739822388,0.027618885040283203,"[1, 1, 0, 0, 1, 1, 1, 1, 0, 1]","[0, 0, 0, 0, 0, 0, 0, 0, 0, 0]"
Noisy_f7_s1024_r1_circular_low,274,7,7,1024,1,circular,low,"['attr_13_3', 'attr_26_2', 'attr_13_2', 'attr_1_1', 'attr_3_0', 'attr_3_1', 'attr_2_2']",0.01,0.6,0.7272727272727273,0.7,0.7857142857142857,1.0,0.5714285714285714,0.5714285714285714,0.7272727272727273,0.027272727272727337,11.492849349975586,0.026049375534057617,"[1, 1, 0, 0, 1, 1, 1, 1, 0, 1]","[0, 1, 0, 0, 0, 1, 1, 1, 0, 0]"
Noisy_f7_s1024_r1_circular_standard,275,7,7,1024,1,circular,standard,"['attr_13_3', 'attr_26_2', 'attr_13_2', 'attr_1_1', 'attr_3_0', 'attr_3_1', 'attr_2_2']",1.0,0.611111111111111,1.0,0.7,0.6904761904761905,0.8333333333333334,0.7142857142857143,0.7142857142857143,0.7692307692307693,0.30000000000000004,11.42960810661316,0.026243925094604492,"[1, 1, 0, 0, 1, 1, 1, 1, 0, 1]","[0, 1, 0, 0, 0, 1, 1, 1, 1, 1]"
Noisy_f7_s1024_r1_circular_high,276,7,7,1024,1,circular,high,"['attr_13_3', 'attr_26_2', 'attr_13_2', 'attr_1_1', 'attr_3_0', 'attr_3_1', 'attr_2_2']",0.001,0.5,0.2727272727272727,0.3,0.5,0.0,0.0,0.0,0.0,0.027272727272727282,11.335697412490845,0.024646282196044922,"[1, 1, 0, 0, 1, 1, 1, 1, 0, 1]","[0, 0, 0, 0, 0, 0, 0, 0, 0, 0]"
Noisy_f7_s1024_r1_full_low,277,7,7,1024,1,full,low,"['attr_13_3', 'attr_26_2', 'attr_13_2', 'attr_1_1', 'attr_3_0', 'attr_3_1', 'attr_2_2']",0.01,0.65,0.2727272727272727,0.3,0.5,0.0,0.0,0.0,0.0,0.027272727272727282,22.456713438034058,0.027187347412109375,"[1, 1, 0, 0, 1, 1, 1, 1, 0, 1]","[0, 0, 0, 0, 0, 0, 0, 0, 0, 0]"
Noisy_f7_s1024_r1_full_standard,278,7,7,1024,1,full,standard,"['attr_13_3', 'attr_26_2', 'attr_13_2', 'attr_1_1', 'attr_3_0', 'attr_3_1', 'attr_2_2']",0.001,0.5,0.2727272727272727,0.3,0.5,0.0,0.0,0.0,0.0,0.027272727272727282,22.114310026168823,0.029646635055541992,"[1, 1, 0, 0, 1, 1, 1, 1, 0, 1]","[0, 0, 0, 0, 0, 0, 0, 0, 0, 0]"
Noisy_f7_s1024_r1_full_high,279,7,7,1024,1,full,high,"['attr_13_3', 'attr_26_2', 'attr_13_2', 'attr_1_1', 'attr_3_0', 'attr_3_1', 'attr_2_2']",0.001,0.5,0.2727272727272727,0.3,0.5,0.0,0.0,0.0,0.0,0.027272727272727282,22.49694299697876,0.027402162551879883,"[1, 1, 0, 0, 1, 1, 1, 1, 0, 1]","[0, 0, 0, 0, 0, 0, 0, 0, 0, 0]"
Noisy_f7_s1024_r2_linear_low,280,7,7,1024,2,linear,low,"['attr_13_3', 'attr_26_2', 'attr_13_2', 'attr_1_1', 'attr_3_0', 'attr_3_1', 'attr_2_2']",0.001,0.5166666666666667,0.2727272727272727,0.3,0.5,0.0,0.0,0.0,0.0,0.027272727272727282,17.174735069274902,0.02643609046936035,"[1, 1, 0, 0, 1, 1, 1, 1, 0, 1]","[0, 0, 0, 0, 0, 0, 0, 0, 0, 0]"
Noisy_f7_s1024_r2_linear_standard,281,7,7,1024,2,linear,standard,"['attr_13_3', 'attr_26_2', 'attr_13_2', 'attr_1_1', 'attr_3_0', 'attr_3_1', 'attr_2_2']",0.01,0.5499999999999999,1.0,0.7,0.6904761904761905,0.8333333333333334,0.7142857142857143,0.7142857142857143,0.7692307692307693,0.30000000000000004,17.684367179870605,0.026892900466918945,"[1, 1, 0, 0, 1, 1, 1, 1, 0, 1]","[0, 1, 0, 0, 0, 1, 1, 1, 1, 1]"
Noisy_f7_s1024_r2_linear_high,282,7,7,1024,2,linear,high,"['attr_13_3', 'attr_26_2', 'attr_13_2', 'attr_1_1', 'attr_3_0', 'attr_3_1', 'attr_2_2']",0.001,0.5,0.2727272727272727,0.3,0.5,0.0,0.0,0.0,0.0,0.027272727272727282,17.532302141189575,0.02626180648803711,"[1, 1, 0, 0, 1, 1, 1, 1, 0, 1]","[0, 0, 0, 0, 0, 0, 0, 0, 0, 0]"
Noisy_f7_s1024_r2_circular_low,283,7,7,1024,2,circular,low,"['attr_13_3', 'attr_26_2', 'attr_13_2', 'attr_1_1', 'attr_3_0', 'attr_3_1', 'attr_2_2']",1.0,0.6277777777777778,0.8181818181818182,0.6,0.5238095238095238,0.7142857142857143,0.7142857142857143,0.7142857142857143,0.7142857142857143,0.21818181818181825,19.348324298858643,0.03083014488220215,"[1, 1, 0, 0, 1, 1, 1, 1, 0, 1]","[0, 1, 0, 1, 1, 1, 1, 1, 1, 0]"
Noisy_f7_s1024_r2_circular_standard,284,7,7,1024,2,circular,standard,"['attr_13_3', 'attr_26_2', 'attr_13_2', 'attr_1_1', 'attr_3_0', 'attr_3_1', 'attr_2_2']",1.0,0.5166666666666667,1.0,0.7,0.5952380952380952,0.75,0.8571428571428571,0.8571428571428571,0.8,0.30000000000000004,19.150246620178223,0.02725529670715332,"[1, 1, 0, 0, 1, 1, 1, 1, 0, 1]","[0, 1, 0, 1, 1, 1, 1, 1, 1, 1]"
Noisy_f7_s1024_r2_circular_high,285,7,7,1024,2,circular,high,"['attr_13_3', 'attr_26_2', 'attr_13_2', 'attr_1_1', 'attr_3_0', 'attr_3_1', 'attr_2_2']",0.001,0.5,0.2727272727272727,0.3,0.5,0.0,0.0,0.0,0.0,0.027272727272727282,19.94632577896118,0.030660629272460938,"[1, 1, 0, 0, 1, 1, 1, 1, 0, 1]","[0, 0, 0, 0, 0, 0, 0, 0, 0, 0]"
Noisy_f7_s1024_r2_full_low,286,7,7,1024,2,full,low,"['attr_13_3', 'attr_26_2', 'attr_13_2', 'attr_1_1', 'attr_3_0', 'attr_3_1', 'attr_2_2']",0.001,0.5,0.2727272727272727,0.3,0.5,0.0,0.0,0.0,0.0,0.027272727272727282,41.186147928237915,0.029813766479492188,"[1, 1, 0, 0, 1, 1, 1, 1, 0, 1]","[0, 0, 0, 0, 0, 0, 0, 0, 0, 0]"
Noisy_f7_s1024_r2_full_standard,287,7,7,1024,2,full,standard,"['attr_13_3', 'attr_26_2', 'attr_13_2', 'attr_1_1', 'attr_3_0', 'attr_3_1', 'attr_2_2']",0.001,0.5,0.2727272727272727,0.3,0.5,0.0,0.0,0.0,0.0,0.027272727272727282,41.80393195152283,0.029992103576660156,"[1, 1, 0, 0, 1, 1, 1, 1, 0, 1]","[0, 0, 0, 0, 0, 0, 0, 0, 0, 0]"
Noisy_f7_s1024_r2_full_high,288,7,7,1024,2,full,high,"['attr_13_3', 'attr_26_2', 'attr_13_2', 'attr_1_1', 'attr_3_0', 'attr_3_1', 'attr_2_2']",0.001,0.5,0.2727272727272727,0.3,0.5,0.0,0.0,0.0,0.0,0.027272727272727282,42.26167416572571,0.02594304084777832,"[1, 1, 0, 0, 1, 1, 1, 1, 0, 1]","[0, 0, 0, 0, 0, 0, 0, 0, 0, 0]"
Noisy_f7_s4096_r1_linear_low,289,7,7,4096,1,linear,low,"['attr_13_3', 'attr_26_2', 'attr_13_2', 'attr_1_1', 'attr_3_0', 'attr_3_1', 'attr_2_2']",0.01,0.5666666666666667,0.7272727272727273,0.7,0.5,0.7,1.0,1.0,0.8235294117647058,0.027272727272727337,18.994680166244507,0.027606964111328125,"[1, 1, 0, 0, 1, 1, 1, 1, 0, 1]","[1, 1, 1, 1, 1, 1, 1, 1, 1, 1]"
Noisy_f7_s4096_r1_linear_standard,290,7,7,4096,1,linear,standard,"['attr_13_3', 'attr_26_2', 'attr_13_2', 'attr_1_1', 'attr_3_0', 'attr_3_1', 'attr_2_2']",0.01,0.6,0.8636363636363636,0.7,0.7857142857142857,1.0,0.5714285714285714,0.5714285714285714,0.7272727272727273,0.1636363636363637,18.653774976730347,0.021461009979248047,"[1, 1, 0, 0, 1, 1, 1, 1, 0, 1]","[0, 1, 0, 0, 0, 1, 1, 1, 0, 0]"
Noisy_f7_s4096_r1_linear_high,291,7,7,4096,1,linear,high,"['attr_13_3', 'attr_26_2', 'attr_13_2', 'attr_1_1', 'attr_3_0', 'attr_3_1', 'attr_2_2']",0.001,0.5,0.2727272727272727,0.3,0.5,0.0,0.0,0.0,0.0,0.027272727272727282,19.060189247131348,0.026265859603881836,"[1, 1, 0, 0, 1, 1, 1, 1, 0, 1]","[0, 0, 0, 0, 0, 0, 0, 0, 0, 0]"
Noisy_f7_s4096_r1_circular_low,292,7,7,4096,1,circular,low,"['attr_13_3', 'attr_26_2', 'attr_13_2', 'attr_1_1', 'attr_3_0', 'attr_3_1', 'attr_2_2']",0.01,0.5666666666666667,0.7272727272727273,0.7,0.7857142857142857,1.0,0.5714285714285714,0.5714285714285714,0.7272727272727273,0.027272727272727337,19.183185815811157,0.029675722122192383,"[1, 1, 0, 0, 1, 1, 1, 1, 0, 1]","[0, 1, 0, 0, 0, 1, 1, 1, 0, 0]"
Noisy_f7_s4096_r1_circular_standard,293,7,7,4096,1,circular,standard,"['attr_13_3', 'attr_26_2', 'attr_13_2', 'attr_1_1', 'attr_3_0', 'attr_3_1', 'attr_2_2']",1.0,0.5777777777777778,0.9545454545454546,0.7,0.6904761904761905,0.8333333333333334,0.7142857142857143,0.7142857142857143,0.7692307692307693,0.25454545454545463,19.57440161705017,0.028459548950195312,"[1, 1, 0, 0, 1, 1, 1, 1, 0, 1]","[0, 1, 0, 0, 0, 1, 1, 1, 1, 1]"
Noisy_f7_s4096_r1_circular_high,294,7,7,4096,1,circular,high,"['attr_13_3', 'attr_26_2', 'attr_13_2', 'attr_1_1', 'attr_3_0', 'attr_3_1', 'attr_2_2']",0.001,0.5,0.2727272727272727,0.3,0.5,0.0,0.0,0.0,0.0,0.027272727272727282,19.696509838104248,0.025368452072143555,"[1, 1, 0, 0, 1, 1, 1, 1, 0, 1]","[0, 0, 0, 0, 0, 0, 0, 0, 0, 0]"
Noisy_f7_s4096_r1_full_low,295,7,7,4096,1,full,low,"['attr_13_3', 'attr_26_2', 'attr_13_2', 'attr_1_1', 'attr_3_0', 'attr_3_1', 'attr_2_2']",0.01,0.65,0.9090909090909091,0.7,0.7857142857142857,1.0,0.5714285714285714,0.5714285714285714,0.7272727272727273,0.2090909090909091,30.471312761306763,0.026912212371826172,"[1, 1, 0, 0, 1, 1, 1, 1, 0, 1]","[0, 1, 0, 0, 1, 1, 1, 0, 0, 0]"
Noisy_f7_s4096_r1_full_standard,296,7,7,4096,1,full,standard,"['attr_13_3', 'attr_26_2', 'attr_13_2', 'attr_1_1', 'attr_3_0', 'attr_3_1', 'attr_2_2']",0.001,0.5,0.2727272727272727,0.3,0.5,0.0,0.0,0.0,0.0,0.027272727272727282,30.2828426361084,0.02912449836730957,"[1, 1, 0, 0, 1, 1, 1, 1, 0, 1]","[0, 0, 0, 0, 0, 0, 0, 0, 0, 0]"
Noisy_f7_s4096_r1_full_high,297,7,7,4096,1,full,high,"['attr_13_3', 'attr_26_2', 'attr_13_2', 'attr_1_1', 'attr_3_0', 'attr_3_1', 'attr_2_2']",0.001,0.5,0.2727272727272727,0.3,0.5,0.0,0.0,0.0,0.0,0.027272727272727282,30.806776762008667,0.026367664337158203,"[1, 1, 0, 0, 1, 1, 1, 1, 0, 1]","[0, 0, 0, 0, 0, 0, 0, 0, 0, 0]"
Noisy_f7_s4096_r2_linear_low,298,7,7,4096,2,linear,low,"['attr_13_3', 'attr_26_2', 'attr_13_2', 'attr_1_1', 'attr_3_0', 'attr_3_1', 'attr_2_2']",0.001,0.5499999999999999,0.2727272727272727,0.3,0.5,0.0,0.0,0.0,0.0,0.027272727272727282,26.12063956260681,0.03201603889465332,"[1, 1, 0, 0, 1, 1, 1, 1, 0, 1]","[0, 0, 0, 0, 0, 0, 0, 0, 0, 0]"
Noisy_f7_s4096_r2_linear_standard,299,7,7,4096,2,linear,standard,"['attr_13_3', 'attr_26_2', 'attr_13_2', 'attr_1_1', 'attr_3_0', 'attr_3_1', 'attr_2_2']",0.001,0.5,0.2727272727272727,0.3,0.5,0.0,0.0,0.0,0.0,0.027272727272727282,26.056898593902588,0.028679847717285156,"[1, 1, 0, 0, 1, 1, 1, 1, 0, 1]","[0, 0, 0, 0, 0, 0, 0, 0, 0, 0]"
Noisy_f7_s4096_r2_linear_high,300,7,7,4096,2,linear,high,"['attr_13_3', 'attr_26_2', 'attr_13_2', 'attr_1_1', 'attr_3_0', 'attr_3_1', 'attr_2_2']",0.001,0.5,0.2727272727272727,0.3,0.5,0.0,0.0,0.0,0.0,0.027272727272727282,25.909639596939087,0.03444957733154297,"[1, 1, 0, 0, 1, 1, 1, 1, 0, 1]","[0, 0, 0, 0, 0, 0, 0, 0, 0, 0]"
Noisy_f7_s4096_r2_circular_low,301,7,7,4096,2,circular,low,"['attr_13_3', 'attr_26_2', 'attr_13_2', 'attr_1_1', 'attr_3_0', 'attr_3_1', 'attr_2_2']",0.01,0.6,0.2727272727272727,0.3,0.5,0.0,0.0,0.0,0.0,0.027272727272727282,46.97836422920227,0.06624197959899902,"[1, 1, 0, 0, 1, 1, 1, 1, 0, 1]","[0, 0, 0, 0, 0, 0, 0, 0, 0, 0]"
Noisy_f7_s4096_r2_circular_standard,302,7,7,4096,2,circular,standard,"['attr_13_3', 'attr_26_2', 'attr_13_2', 'attr_1_1', 'attr_3_0', 'attr_3_1', 'attr_2_2']",0.001,0.5,0.2727272727272727,0.3,0.5,0.0,0.0,0.0,0.0,0.027272727272727282,41.32664656639099,0.03363847732543945,"[1, 1, 0, 0, 1, 1, 1, 1, 0, 1]","[0, 0, 0, 0, 0, 0, 0, 0, 0, 0]"
Noisy_f7_s4096_r2_circular_high,303,7,7,4096,2,circular,high,"['attr_13_3', 'attr_26_2', 'attr_13_2', 'attr_1_1', 'attr_3_0', 'attr_3_1', 'attr_2_2']",0.001,0.5,0.2727272727272727,0.3,0.5,0.0,0.0,0.0,0.0,0.027272727272727282,28.628382682800293,0.024951696395874023,"[1, 1, 0, 0, 1, 1, 1, 1, 0, 1]","[0, 0, 0, 0, 0, 0, 0, 0, 0, 0]"
Noisy_f7_s4096_r2_full_low,304,7,7,4096,2,full,low,"['attr_13_3', 'attr_26_2', 'attr_13_2', 'attr_1_1', 'attr_3_0', 'attr_3_1', 'attr_2_2']",0.001,0.5,0.2727272727272727,0.3,0.5,0.0,0.0,0.0,0.0,0.027272727272727282,48.20232558250427,0.02507638931274414,"[1, 1, 0, 0, 1, 1, 1, 1, 0, 1]","[0, 0, 0, 0, 0, 0, 0, 0, 0, 0]"
Noisy_f7_s4096_r2_full_standard,305,7,7,4096,2,full,standard,"['attr_13_3', 'attr_26_2', 'attr_13_2', 'attr_1_1', 'attr_3_0', 'attr_3_1', 'attr_2_2']",0.001,0.5,0.2727272727272727,0.3,0.5,0.0,0.0,0.0,0.0,0.027272727272727282,48.197938680648804,0.02750849723815918,"[1, 1, 0, 0, 1, 1, 1, 1, 0, 1]","[0, 0, 0, 0, 0, 0, 0, 0, 0, 0]"
Noisy_f7_s4096_r2_full_high,306,7,7,4096,2,full,high,"['attr_13_3', 'attr_26_2', 'attr_13_2', 'attr_1_1', 'attr_3_0', 'attr_3_1', 'attr_2_2']",0.001,0.5,0.2727272727272727,0.3,0.5,0.0,0.0,0.0,0.0,0.027272727272727282,48.670501947402954,0.028412580490112305,"[1, 1, 0, 0, 1, 1, 1, 1, 0, 1]","[0, 0, 0, 0, 0, 0, 0, 0, 0, 0]"
Noisy_f7_s8192_r1_linear_low,307,7,7,8192,1,linear,low,"['attr_13_3', 'attr_26_2', 'attr_13_2', 'attr_1_1', 'attr_3_0', 'attr_3_1', 'attr_2_2']",0.01,0.5499999999999999,0.7272727272727273,0.7,0.7857142857142857,1.0,0.5714285714285714,0.5714285714285714,0.7272727272727273,0.027272727272727337,30.271311044692993,0.027661561965942383,"[1, 1, 0, 0, 1, 1, 1, 1, 0, 1]","[0, 1, 0, 0, 0, 1, 1, 1, 0, 0]"
Noisy_f7_s8192_r1_linear_standard,308,7,7,8192,1,linear,standard,"['attr_13_3', 'attr_26_2', 'attr_13_2', 'attr_1_1', 'attr_3_0', 'attr_3_1', 'attr_2_2']",10.0,0.5555555555555556,1.0,0.7,0.5952380952380952,0.75,0.8571428571428571,0.8571428571428571,0.8,0.30000000000000004,30.386154174804688,0.026325464248657227,"[1, 1, 0, 0, 1, 1, 1, 1, 0, 1]","[0, 1, 0, 1, 1, 1, 1, 1, 1, 1]"
Noisy_f7_s8192_r1_linear_high,309,7,7,8192,1,linear,high,"['attr_13_3', 'attr_26_2', 'attr_13_2', 'attr_1_1', 'attr_3_0', 'attr_3_1', 'attr_2_2']",0.001,0.5,0.2727272727272727,0.3,0.5,0.0,0.0,0.0,0.0,0.027272727272727282,30.050928831100464,0.03581404685974121,"[1, 1, 0, 0, 1, 1, 1, 1, 0, 1]","[0, 0, 0, 0, 0, 0, 0, 0, 0, 0]"
Noisy_f7_s8192_r1_circular_low,310,7,7,8192,1,circular,low,"['attr_13_3', 'attr_26_2', 'attr_13_2', 'attr_1_1', 'attr_3_0', 'attr_3_1', 'attr_2_2']",0.01,0.5666666666666667,0.7272727272727273,0.7,0.7857142857142857,1.0,0.5714285714285714,0.5714285714285714,0.7272727272727273,0.027272727272727337,31.235167980194092,0.03300905227661133,"[1, 1, 0, 0, 1, 1, 1, 1, 0, 1]","[0, 1, 0, 0, 0, 1, 1, 1, 0, 0]"
Noisy_f7_s8192_r1_circular_standard,311,7,7,8192,1,circular,standard,"['attr_13_3', 'attr_26_2', 'attr_13_2', 'attr_1_1', 'attr_3_0', 'attr_3_1', 'attr_2_2']",10.0,0.5555555555555556,1.0,0.7,0.5952380952380952,0.75,0.8571428571428571,0.8571428571428571,0.8,0.30000000000000004,30.805431842803955,0.028051137924194336,"[1, 1, 0, 0, 1, 1, 1, 1, 0, 1]","[0, 1, 0, 1, 1, 1, 1, 1, 1, 1]"
Noisy_f7_s8192_r1_circular_high,312,7,7,8192,1,circular,high,"['attr_13_3', 'attr_26_2', 'attr_13_2', 'attr_1_1', 'attr_3_0', 'attr_3_1', 'attr_2_2']",0.001,0.5,0.2727272727272727,0.3,0.5,0.0,0.0,0.0,0.0,0.027272727272727282,30.708444833755493,0.025698423385620117,"[1, 1, 0, 0, 1, 1, 1, 1, 0, 1]","[0, 0, 0, 0, 0, 0, 0, 0, 0, 0]"
Noisy_f7_s8192_r1_full_low,313,7,7,8192,1,full,low,"['attr_13_3', 'attr_26_2', 'attr_13_2', 'attr_1_1', 'attr_3_0', 'attr_3_1', 'attr_2_2']",0.01,0.6833333333333332,0.9545454545454546,0.7,0.7857142857142857,1.0,0.5714285714285714,0.5714285714285714,0.7272727272727273,0.25454545454545463,42.597657918930054,0.0254061222076416,"[1, 1, 0, 0, 1, 1, 1, 1, 0, 1]","[0, 1, 0, 0, 1, 1, 1, 0, 0, 0]"
Noisy_f7_s8192_r1_full_standard,314,7,7,8192,1,full,standard,"['attr_13_3', 'attr_26_2', 'attr_13_2', 'attr_1_1', 'attr_3_0', 'attr_3_1', 'attr_2_2']",0.1,0.5,0.9545454545454546,0.7,0.5952380952380952,0.75,0.8571428571428571,0.8571428571428571,0.8,0.25454545454545463,42.57617807388306,0.0340120792388916,"[1, 1, 0, 0, 1, 1, 1, 1, 0, 1]","[0, 1, 0, 1, 1, 1, 1, 1, 1, 1]"
Noisy_f7_s8192_r1_full_high,315,7,7,8192,1,full,high,"['attr_13_3', 'attr_26_2', 'attr_13_2', 'attr_1_1', 'attr_3_0', 'attr_3_1', 'attr_2_2']",0.001,0.5,0.2727272727272727,0.3,0.5,0.0,0.0,0.0,0.0,0.027272727272727282,42.07838273048401,0.02866959571838379,"[1, 1, 0, 0, 1, 1, 1, 1, 0, 1]","[0, 0, 0, 0, 0, 0, 0, 0, 0, 0]"
Noisy_f7_s8192_r2_linear_low,316,7,7,8192,2,linear,low,"['attr_13_3', 'attr_26_2', 'attr_13_2', 'attr_1_1', 'attr_3_0', 'attr_3_1', 'attr_2_2']",0.001,0.5499999999999999,0.2727272727272727,0.3,0.5,0.0,0.0,0.0,0.0,0.027272727272727282,37.428717851638794,0.025696754455566406,"[1, 1, 0, 0, 1, 1, 1, 1, 0, 1]","[0, 0, 0, 0, 0, 0, 0, 0, 0, 0]"
Noisy_f7_s8192_r2_linear_standard,317,7,7,8192,2,linear,standard,"['attr_13_3', 'attr_26_2', 'attr_13_2', 'attr_1_1', 'attr_3_0', 'attr_3_1', 'attr_2_2']",0.01,0.5499999999999999,0.2727272727272727,0.3,0.5,0.0,0.0,0.0,0.0,0.027272727272727282,36.84788966178894,0.02829289436340332,"[1, 1, 0, 0, 1, 1, 1, 1, 0, 1]","[0, 0, 0, 0, 0, 0, 0, 0, 0, 0]"
Noisy_f7_s8192_r2_linear_high,318,7,7,8192,2,linear,high,"['attr_13_3', 'attr_26_2', 'attr_13_2', 'attr_1_1', 'attr_3_0', 'attr_3_1', 'attr_2_2']",0.001,0.5,0.2727272727272727,0.3,0.5,0.0,0.0,0.0,0.0,0.027272727272727282,36.54171395301819,0.025014162063598633,"[1, 1, 0, 0, 1, 1, 1, 1, 0, 1]","[0, 0, 0, 0, 0, 0, 0, 0, 0, 0]"
Noisy_f7_s8192_r2_circular_low,319,7,7,8192,2,circular,low,"['attr_13_3', 'attr_26_2', 'attr_13_2', 'attr_1_1', 'attr_3_0', 'attr_3_1', 'attr_2_2']",0.01,0.6,0.7727272727272727,0.7,0.7857142857142857,1.0,0.5714285714285714,0.5714285714285714,0.7272727272727273,0.07272727272727275,39.66382551193237,0.029175519943237305,"[1, 1, 0, 0, 1, 1, 1, 1, 0, 1]","[0, 1, 0, 0, 0, 1, 1, 1, 0, 0]"
Noisy_f7_s8192_r2_circular_standard,320,7,7,8192,2,circular,standard,"['attr_13_3', 'attr_26_2', 'attr_13_2', 'attr_1_1', 'attr_3_0', 'attr_3_1', 'attr_2_2']",1.0,0.5499999999999999,1.0,0.7,0.5952380952380952,0.75,0.8571428571428571,0.8571428571428571,0.8,0.30000000000000004,39.244112968444824,0.026185274124145508,"[1, 1, 0, 0, 1, 1, 1, 1, 0, 1]","[0, 1, 0, 1, 1, 1, 1, 1, 1, 1]"
Noisy_f7_s8192_r2_circular_high,321,7,7,8192,2,circular,high,"['attr_13_3', 'attr_26_2', 'attr_13_2', 'attr_1_1', 'attr_3_0', 'attr_3_1', 'attr_2_2']",0.001,0.5,0.2727272727272727,0.3,0.5,0.0,0.0,0.0,0.0,0.027272727272727282,39.52934217453003,0.024216413497924805,"[1, 1, 0, 0, 1, 1, 1, 1, 0, 1]","[0, 0, 0, 0, 0, 0, 0, 0, 0, 0]"
Noisy_f7_s8192_r2_full_low,322,7,7,8192,2,full,low,"['attr_13_3', 'attr_26_2', 'attr_13_2', 'attr_1_1', 'attr_3_0', 'attr_3_1', 'attr_2_2']",0.001,0.5,0.2727272727272727,0.3,0.5,0.0,0.0,0.0,0.0,0.027272727272727282,57.29932880401611,0.03371143341064453,"[1, 1, 0, 0, 1, 1, 1, 1, 0, 1]","[0, 0, 0, 0, 0, 0, 0, 0, 0, 0]"
Noisy_f7_s8192_r2_full_standard,323,7,7,8192,2,full,standard,"['attr_13_3', 'attr_26_2', 'attr_13_2', 'attr_1_1', 'attr_3_0', 'attr_3_1', 'attr_2_2']",0.001,0.5,0.2727272727272727,0.3,0.5,0.0,0.0,0.0,0.0,0.027272727272727282,56.903501749038696,0.02567315101623535,"[1, 1, 0, 0, 1, 1, 1, 1, 0, 1]","[0, 0, 0, 0, 0, 0, 0, 0, 0, 0]"
Noisy_f7_s8192_r2_full_high,324,7,7,8192,2,full,high,"['attr_13_3', 'attr_26_2', 'attr_13_2', 'attr_1_1', 'attr_3_0', 'attr_3_1', 'attr_2_2']",0.001,0.5,0.2727272727272727,0.3,0.5,0.0,0.0,0.0,0.0,0.027272727272727282,57.18867206573486,0.027309417724609375,"[1, 1, 0, 0, 1, 1, 1, 1, 0, 1]","[0, 0, 0, 0, 0, 0, 0, 0, 0, 0]"
Noisy_f8_s1024_r1_linear_low,325,8,8,1024,1,linear,low,"['attr_13_3', 'attr_26_2', 'attr_13_2', 'attr_1_1', 'attr_3_0', 'attr_3_1', 'attr_2_2', 'attr_2_3']",0.01,0.6,0.6818181818181818,0.7,0.7857142857142857,1.0,0.5714285714285714,0.5714285714285714,0.7272727272727273,0.018181818181818188,6.7329840660095215,0.030565500259399414,"[1, 1, 0, 0, 1, 1, 1, 1, 0, 1]","[0, 1, 0, 0, 0, 1, 1, 1, 0, 0]"
Noisy_f8_s1024_r1_linear_standard,326,8,8,1024,1,linear,standard,"['attr_13_3', 'attr_26_2', 'attr_13_2', 'attr_1_1', 'attr_3_0', 'attr_3_1', 'attr_2_2', 'attr_2_3']",0.01,0.6,0.9090909090909091,0.7,0.7857142857142857,1.0,0.5714285714285714,0.5714285714285714,0.7272727272727273,0.2090909090909091,7.15364670753479,0.026372432708740234,"[1, 1, 0, 0, 1, 1, 1, 1, 0, 1]","[0, 1, 0, 0, 0, 1, 1, 1, 0, 0]"
Noisy_f8_s1024_r1_linear_high,327,8,8,1024,1,linear,high,"['attr_13_3', 'attr_26_2', 'attr_13_2', 'attr_1_1', 'attr_3_0', 'attr_3_1', 'attr_2_2', 'attr_2_3']",0.001,0.5,0.2727272727272727,0.3,0.5,0.0,0.0,0.0,0.0,0.027272727272727282,7.373009204864502,0.027181625366210938,"[1, 1, 0, 0, 1, 1, 1, 1, 0, 1]","[0, 0, 0, 0, 0, 0, 0, 0, 0, 0]"
Noisy_f8_s1024_r1_circular_low,328,8,8,1024,1,circular,low,"['attr_13_3', 'attr_26_2', 'attr_13_2', 'attr_1_1', 'attr_3_0', 'attr_3_1', 'attr_2_2', 'attr_2_3']",1.0,0.5388888888888889,0.6818181818181818,0.8,0.8571428571428572,1.0,0.7142857142857143,0.7142857142857143,0.8333333333333334,0.11818181818181828,7.196854591369629,0.026188373565673828,"[1, 1, 0, 0, 1, 1, 1, 1, 0, 1]","[0, 1, 0, 0, 0, 1, 1, 1, 0, 1]"
Noisy_f8_s1024_r1_circular_standard,329,8,8,1024,1,circular,standard,"['attr_13_3', 'attr_26_2', 'attr_13_2', 'attr_1_1', 'attr_3_0', 'attr_3_1', 'attr_2_2', 'attr_2_3']",0.01,0.6,0.8636363636363636,0.8,0.8571428571428572,1.0,0.7142857142857143,0.7142857142857143,0.8333333333333334,0.0636363636363636,7.026140928268433,0.025928735733032227,"[1, 1, 0, 0, 1, 1, 1, 1, 0, 1]","[0, 1, 0, 0, 0, 1, 1, 1, 0, 1]"
Noisy_f8_s1024_r1_circular_high,330,8,8,1024,1,circular,high,"['attr_13_3', 'attr_26_2', 'attr_13_2', 'attr_1_1', 'attr_3_0', 'attr_3_1', 'attr_2_2', 'attr_2_3']",0.001,0.5,0.2727272727272727,0.3,0.5,0.0,0.0,0.0,0.0,0.027272727272727282,7.714510679244995,0.03362298011779785,"[1, 1, 0, 0, 1, 1, 1, 1, 0, 1]","[0, 0, 0, 0, 0, 0, 0, 0, 0, 0]"
Noisy_f8_s1024_r1_full_low,331,8,8,1024,1,full,low,"['attr_13_3', 'attr_26_2', 'attr_13_2', 'attr_1_1', 'attr_3_0', 'attr_3_1', 'attr_2_2', 'attr_2_3']",0.001,0.5666666666666667,0.2727272727272727,0.3,0.5,0.0,0.0,0.0,0.0,0.027272727272727282,14.495954990386963,0.03273773193359375,"[1, 1, 0, 0, 1, 1, 1, 1, 0, 1]","[0, 0, 0, 0, 0, 0, 0, 0, 0, 0]"
Noisy_f8_s1024_r1_full_standard,332,8,8,1024,1,full,standard,"['attr_13_3', 'attr_26_2', 'attr_13_2', 'attr_1_1', 'attr_3_0', 'attr_3_1', 'attr_2_2', 'attr_2_3']",0.001,0.5,0.2727272727272727,0.3,0.5,0.0,0.0,0.0,0.0,0.027272727272727282,14.972561120986938,0.026947498321533203,"[1, 1, 0, 0, 1, 1, 1, 1, 0, 1]","[0, 0, 0, 0, 0, 0, 0, 0, 0, 0]"
Noisy_f8_s1024_r1_full_high,333,8,8,1024,1,full,high,"['attr_13_3', 'attr_26_2', 'attr_13_2', 'attr_1_1', 'attr_3_0', 'attr_3_1', 'attr_2_2', 'attr_2_3']",0.001,0.5,0.2727272727272727,0.3,0.5,0.0,0.0,0.0,0.0,0.027272727272727282,14.513846397399902,0.026212453842163086,"[1, 1, 0, 0, 1, 1, 1, 1, 0, 1]","[0, 0, 0, 0, 0, 0, 0, 0, 0, 0]"
Noisy_f8_s1024_r2_linear_low,334,8,8,1024,2,linear,low,"['attr_13_3', 'attr_26_2', 'attr_13_2', 'attr_1_1', 'attr_3_0', 'attr_3_1', 'attr_2_2', 'attr_2_3']",0.001,0.5166666666666667,0.2727272727272727,0.3,0.5,0.0,0.0,0.0,0.0,0.027272727272727282,10.35695767402649,0.02773261070251465,"[1, 1, 0, 0, 1, 1, 1, 1, 0, 1]","[0, 0, 0, 0, 0, 0, 0, 0, 0, 0]"
Noisy_f8_s1024_r2_linear_standard,335,8,8,1024,2,linear,standard,"['attr_13_3', 'attr_26_2', 'attr_13_2', 'attr_1_1', 'attr_3_0', 'attr_3_1', 'attr_2_2', 'attr_2_3']",0.01,0.5499999999999999,1.0,0.6,0.6190476190476191,0.8,0.5714285714285714,0.5714285714285714,0.6666666666666666,0.4,10.813654899597168,0.025646686553955078,"[1, 1, 0, 0, 1, 1, 1, 1, 0, 1]","[0, 1, 0, 0, 0, 1, 1, 1, 1, 0]"
Noisy_f8_s1024_r2_linear_high,336,8,8,1024,2,linear,high,"['attr_13_3', 'attr_26_2', 'attr_13_2', 'attr_1_1', 'attr_3_0', 'attr_3_1', 'attr_2_2', 'attr_2_3']",0.001,0.5,0.2727272727272727,0.3,0.5,0.0,0.0,0.0,0.0,0.027272727272727282,10.078752279281616,0.03204202651977539,"[1, 1, 0, 0, 1, 1, 1, 1, 0, 1]","[0, 0, 0, 0, 0, 0, 0, 0, 0, 0]"
Noisy_f8_s1024_r2_circular_low,337,8,8,1024,2,circular,low,"['attr_13_3', 'attr_26_2', 'attr_13_2', 'attr_1_1', 'attr_3_0', 'attr_3_1', 'attr_2_2', 'attr_2_3']",0.01,0.5666666666666667,0.5909090909090909,0.8,0.8571428571428572,1.0,0.7142857142857143,0.7142857142857143,0.8333333333333334,0.2090909090909091,11.164948225021362,0.02699136734008789,"[1, 1, 0, 0, 1, 1, 1, 1, 0, 1]","[0, 1, 0, 0, 0, 1, 1, 1, 0, 1]"
Noisy_f8_s1024_r2_circular_standard,338,8,8,1024,2,circular,standard,"['attr_13_3', 'attr_26_2', 'attr_13_2', 'attr_1_1', 'attr_3_0', 'attr_3_1', 'attr_2_2', 'attr_2_3']",0.01,0.5499999999999999,1.0,0.7,0.6904761904761905,0.8333333333333334,0.7142857142857143,0.7142857142857143,0.7692307692307693,0.30000000000000004,11.18080472946167,0.030968666076660156,"[1, 1, 0, 0, 1, 1, 1, 1, 0, 1]","[0, 1, 0, 0, 0, 1, 1, 1, 1, 1]"
Noisy_f8_s1024_r2_circular_high,339,8,8,1024,2,circular,high,"['attr_13_3', 'attr_26_2', 'attr_13_2', 'attr_1_1', 'attr_3_0', 'attr_3_1', 'attr_2_2', 'attr_2_3']",0.001,0.5,0.2727272727272727,0.3,0.5,0.0,0.0,0.0,0.0,0.027272727272727282,10.811726331710815,0.024055004119873047,"[1, 1, 0, 0, 1, 1, 1, 1, 0, 1]","[0, 0, 0, 0, 0, 0, 0, 0, 0, 0]"
Noisy_f8_s1024_r2_full_low,340,8,8,1024,2,full,low,"['attr_13_3', 'attr_26_2', 'attr_13_2', 'attr_1_1', 'attr_3_0', 'attr_3_1', 'attr_2_2', 'attr_2_3']",0.1,0.5,0.8181818181818182,0.3,0.30952380952380953,0.5,0.2857142857142857,0.2857142857142857,0.36363636363636365,0.5181818181818183,25.089308261871338,0.02871870994567871,"[1, 1, 0, 0, 1, 1, 1, 1, 0, 1]","[0, 1, 0, 1, 1, 0, 0, 0, 1, 0]"
Noisy_f8_s1024_r2_full_standard,341,8,8,1024,2,full,standard,"['attr_13_3', 'attr_26_2', 'attr_13_2', 'attr_1_1', 'attr_3_0', 'attr_3_1', 'attr_2_2', 'attr_2_3']",0.001,0.5,0.2727272727272727,0.3,0.5,0.0,0.0,0.0,0.0,0.027272727272727282,26.207350254058838,0.03165292739868164,"[1, 1, 0, 0, 1, 1, 1, 1, 0, 1]","[0, 0, 0, 0, 0, 0, 0, 0, 0, 0]"
Noisy_f8_s1024_r2_full_high,342,8,8,1024,2,full,high,"['attr_13_3', 'attr_26_2', 'attr_13_2', 'attr_1_1', 'attr_3_0', 'attr_3_1', 'attr_2_2', 'attr_2_3']",0.001,0.5,0.2727272727272727,0.3,0.5,0.0,0.0,0.0,0.0,0.027272727272727282,25.356721878051758,0.032006025314331055,"[1, 1, 0, 0, 1, 1, 1, 1, 0, 1]","[0, 0, 0, 0, 0, 0, 0, 0, 0, 0]"
Noisy_f8_s4096_r1_linear_low,343,8,8,4096,1,linear,low,"['attr_13_3', 'attr_26_2', 'attr_13_2', 'attr_1_1', 'attr_3_0', 'attr_3_1', 'attr_2_2', 'attr_2_3']",0.01,0.5666666666666667,0.7272727272727273,0.7,0.7857142857142857,1.0,0.5714285714285714,0.5714285714285714,0.7272727272727273,0.027272727272727337,15.763011455535889,0.026656389236450195,"[1, 1, 0, 0, 1, 1, 1, 1, 0, 1]","[0, 1, 0, 0, 0, 1, 1, 1, 0, 0]"
Noisy_f8_s4096_r1_linear_standard,344,8,8,4096,1,linear,standard,"['attr_13_3', 'attr_26_2', 'attr_13_2', 'attr_1_1', 'attr_3_0', 'attr_3_1', 'attr_2_2', 'attr_2_3']",0.01,0.5499999999999999,0.9090909090909091,0.7,0.7857142857142857,1.0,0.5714285714285714,0.5714285714285714,0.7272727272727273,0.2090909090909091,16.04266095161438,0.025406599044799805,"[1, 1, 0, 0, 1, 1, 1, 1, 0, 1]","[0, 1, 0, 0, 0, 1, 1, 1, 0, 0]"
Noisy_f8_s4096_r1_linear_high,345,8,8,4096,1,linear,high,"['attr_13_3', 'attr_26_2', 'attr_13_2', 'attr_1_1', 'attr_3_0', 'attr_3_1', 'attr_2_2', 'attr_2_3']",0.001,0.5,0.2727272727272727,0.3,0.5,0.0,0.0,0.0,0.0,0.027272727272727282,18.427441596984863,0.02621293067932129,"[1, 1, 0, 0, 1, 1, 1, 1, 0, 1]","[0, 0, 0, 0, 0, 0, 0, 0, 0, 0]"
Noisy_f8_s4096_r1_circular_low,346,8,8,4096,1,circular,low,"['attr_13_3', 'attr_26_2', 'attr_13_2', 'attr_1_1', 'attr_3_0', 'attr_3_1', 'attr_2_2', 'attr_2_3']",0.01,0.5666666666666667,0.5909090909090909,0.7,0.7857142857142857,1.0,0.5714285714285714,0.5714285714285714,0.7272727272727273,0.10909090909090902,16.501127004623413,0.027515888214111328,"[1, 1, 0, 0, 1, 1, 1, 1, 0, 1]","[0, 1, 0, 0, 0, 1, 1, 0, 0, 1]"
Noisy_f8_s4096_r1_circular_standard,347,8,8,4096,1,circular,standard,"['attr_13_3', 'attr_26_2', 'attr_13_2', 'attr_1_1', 'attr_3_0', 'attr_3_1', 'attr_2_2', 'attr_2_3']",0.01,0.6333333333333333,0.8636363636363636,0.8,0.8571428571428572,1.0,0.7142857142857143,0.7142857142857143,0.8333333333333334,0.0636363636363636,17.05351948738098,0.026088237762451172,"[1, 1, 0, 0, 1, 1, 1, 1, 0, 1]","[0, 1, 0, 0, 0, 1, 1, 1, 0, 1]"
Noisy_f8_s4096_r1_circular_high,348,8,8,4096,1,circular,high,"['attr_13_3', 'attr_26_2', 'attr_13_2', 'attr_1_1', 'attr_3_0', 'attr_3_1', 'attr_2_2', 'attr_2_3']",0.001,0.5,0.2727272727272727,0.3,0.5,0.0,0.0,0.0,0.0,0.027272727272727282,16.027079343795776,0.027120590209960938,"[1, 1, 0, 0, 1, 1, 1, 1, 0, 1]","[0, 0, 0, 0, 0, 0, 0, 0, 0, 0]"
Noisy_f8_s4096_r1_full_low,349,8,8,4096,1,full,low,"['attr_13_3', 'attr_26_2', 'attr_13_2', 'attr_1_1', 'attr_3_0', 'attr_3_1', 'attr_2_2', 'attr_2_3']",0.001,0.6166666666666666,0.2727272727272727,0.3,0.5,0.0,0.0,0.0,0.0,0.027272727272727282,23.84115743637085,0.03159689903259277,"[1, 1, 0, 0, 1, 1, 1, 1, 0, 1]","[0, 0, 0, 0, 0, 0, 0, 0, 0, 0]"
Noisy_f8_s4096_r1_full_standard,350,8,8,4096,1,full,standard,"['attr_13_3', 'attr_26_2', 'attr_13_2', 'attr_1_1', 'attr_3_0', 'attr_3_1', 'attr_2_2', 'attr_2_3']",0.001,0.5,0.2727272727272727,0.3,0.5,0.0,0.0,0.0,0.0,0.027272727272727282,23.531776428222656,0.030812501907348633,"[1, 1, 0, 0, 1, 1, 1, 1, 0, 1]","[0, 0, 0, 0, 0, 0, 0, 0, 0, 0]"
Noisy_f8_s4096_r1_full_high,351,8,8,4096,1,full,high,"['attr_13_3', 'attr_26_2', 'attr_13_2', 'attr_1_1', 'attr_3_0', 'attr_3_1', 'attr_2_2', 'attr_2_3']",0.001,0.5,0.2727272727272727,0.3,0.5,0.0,0.0,0.0,0.0,0.027272727272727282,23.332423448562622,0.025796175003051758,"[1, 1, 0, 0, 1, 1, 1, 1, 0, 1]","[0, 0, 0, 0, 0, 0, 0, 0, 0, 0]"
Noisy_f8_s4096_r2_linear_low,352,8,8,4096,2,linear,low,"['attr_13_3', 'attr_26_2', 'attr_13_2', 'attr_1_1', 'attr_3_0', 'attr_3_1', 'attr_2_2', 'attr_2_3']",0.001,0.5499999999999999,0.2727272727272727,0.3,0.5,0.0,0.0,0.0,0.0,0.027272727272727282,18.986450672149658,0.030511140823364258,"[1, 1, 0, 0, 1, 1, 1, 1, 0, 1]","[0, 0, 0, 0, 0, 0, 0, 0, 0, 0]"
Noisy_f8_s4096_r2_linear_standard,353,8,8,4096,2,linear,standard,"['attr_13_3', 'attr_26_2', 'attr_13_2', 'attr_1_1', 'attr_3_0', 'attr_3_1', 'attr_2_2', 'attr_2_3']",0.001,0.5,0.2727272727272727,0.3,0.5,0.0,0.0,0.0,0.0,0.027272727272727282,19.489784717559814,0.02575540542602539,"[1, 1, 0, 0, 1, 1, 1, 1, 0, 1]","[0, 0, 0, 0, 0, 0, 0, 0, 0, 0]"
Noisy_f8_s4096_r2_linear_high,354,8,8,4096,2,linear,high,"['attr_13_3', 'attr_26_2', 'attr_13_2', 'attr_1_1', 'attr_3_0', 'attr_3_1', 'attr_2_2', 'attr_2_3']",0.001,0.5,0.2727272727272727,0.3,0.5,0.0,0.0,0.0,0.0,0.027272727272727282,19.763620138168335,0.02612924575805664,"[1, 1, 0, 0, 1, 1, 1, 1, 0, 1]","[0, 0, 0, 0, 0, 0, 0, 0, 0, 0]"
Noisy_f8_s4096_r2_circular_low,355,8,8,4096,2,circular,low,"['attr_13_3', 'attr_26_2', 'attr_13_2', 'attr_1_1', 'attr_3_0', 'attr_3_1', 'attr_2_2', 'attr_2_3']",0.001,0.5499999999999999,0.2727272727272727,0.3,0.5,0.0,0.0,0.0,0.0,0.027272727272727282,20.289506673812866,0.025469303131103516,"[1, 1, 0, 0, 1, 1, 1, 1, 0, 1]","[0, 0, 0, 0, 0, 0, 0, 0, 0, 0]"
Noisy_f8_s4096_r2_circular_standard,356,8,8,4096,2,circular,standard,"['attr_13_3', 'attr_26_2', 'attr_13_2', 'attr_1_1', 'attr_3_0', 'attr_3_1', 'attr_2_2', 'attr_2_3']",0.001,0.5833333333333334,0.2727272727272727,0.3,0.5,0.0,0.0,0.0,0.0,0.027272727272727282,20.28113102912903,0.026841163635253906,"[1, 1, 0, 0, 1, 1, 1, 1, 0, 1]","[0, 0, 0, 0, 0, 0, 0, 0, 0, 0]"
Noisy_f8_s4096_r2_circular_high,357,8,8,4096,2,circular,high,"['attr_13_3', 'attr_26_2', 'attr_13_2', 'attr_1_1', 'attr_3_0', 'attr_3_1', 'attr_2_2', 'attr_2_3']",0.001,0.5,0.2727272727272727,0.3,0.5,0.0,0.0,0.0,0.0,0.027272727272727282,20.569090127944946,0.029774188995361328,"[1, 1, 0, 0, 1, 1, 1, 1, 0, 1]","[0, 0, 0, 0, 0, 0, 0, 0, 0, 0]"
Noisy_f8_s4096_r2_full_low,358,8,8,4096,2,full,low,"['attr_13_3', 'attr_26_2', 'attr_13_2', 'attr_1_1', 'attr_3_0', 'attr_3_1', 'attr_2_2', 'attr_2_3']",0.001,0.5,0.2727272727272727,0.3,0.5,0.0,0.0,0.0,0.0,0.027272727272727282,33.543792724609375,0.024353981018066406,"[1, 1, 0, 0, 1, 1, 1, 1, 0, 1]","[0, 0, 0, 0, 0, 0, 0, 0, 0, 0]"
Noisy_f8_s4096_r2_full_standard,359,8,8,4096,2,full,standard,"['attr_13_3', 'attr_26_2', 'attr_13_2', 'attr_1_1', 'attr_3_0', 'attr_3_1', 'attr_2_2', 'attr_2_3']",0.001,0.5,0.2727272727272727,0.3,0.5,0.0,0.0,0.0,0.0,0.027272727272727282,34.02247762680054,0.02575993537902832,"[1, 1, 0, 0, 1, 1, 1, 1, 0, 1]","[0, 0, 0, 0, 0, 0, 0, 0, 0, 0]"
Noisy_f8_s4096_r2_full_high,360,8,8,4096,2,full,high,"['attr_13_3', 'attr_26_2', 'attr_13_2', 'attr_1_1', 'attr_3_0', 'attr_3_1', 'attr_2_2', 'attr_2_3']",0.001,0.5,0.2727272727272727,0.3,0.5,0.0,0.0,0.0,0.0,0.027272727272727282,34.476956367492676,0.028018951416015625,"[1, 1, 0, 0, 1, 1, 1, 1, 0, 1]","[0, 0, 0, 0, 0, 0, 0, 0, 0, 0]"
Noisy_f8_s8192_r1_linear_low,361,8,8,8192,1,linear,low,"['attr_13_3', 'attr_26_2', 'attr_13_2', 'attr_1_1', 'attr_3_0', 'attr_3_1', 'attr_2_2', 'attr_2_3']",0.01,0.5666666666666667,0.7272727272727273,0.7,0.7857142857142857,1.0,0.5714285714285714,0.5714285714285714,0.7272727272727273,0.027272727272727337,28.153290510177612,0.0271451473236084,"[1, 1, 0, 0, 1, 1, 1, 1, 0, 1]","[0, 1, 0, 0, 0, 1, 1, 1, 0, 0]"
Noisy_f8_s8192_r1_linear_standard,362,8,8,8192,1,linear,standard,"['attr_13_3', 'attr_26_2', 'attr_13_2', 'attr_1_1', 'attr_3_0', 'attr_3_1', 'attr_2_2', 'attr_2_3']",10.0,0.5555555555555556,1.0,0.7,0.5952380952380952,0.75,0.8571428571428571,0.8571428571428571,0.8,0.30000000000000004,28.130753993988037,0.026582717895507812,"[1, 1, 0, 0, 1, 1, 1, 1, 0, 1]","[0, 1, 0, 1, 1, 1, 1, 1, 1, 1]"
Noisy_f8_s8192_r1_linear_high,363,8,8,8192,1,linear,high,"['attr_13_3', 'attr_26_2', 'attr_13_2', 'attr_1_1', 'attr_3_0', 'attr_3_1', 'attr_2_2', 'attr_2_3']",0.001,0.5,0.2727272727272727,0.3,0.5,0.0,0.0,0.0,0.0,0.027272727272727282,28.46760654449463,0.03345608711242676,"[1, 1, 0, 0, 1, 1, 1, 1, 0, 1]","[0, 0, 0, 0, 0, 0, 0, 0, 0, 0]"
Noisy_f8_s8192_r1_circular_low,364,8,8,8192,1,circular,low,"['attr_13_3', 'attr_26_2', 'attr_13_2', 'attr_1_1', 'attr_3_0', 'attr_3_1', 'attr_2_2', 'attr_2_3']",0.01,0.5666666666666667,0.6818181818181818,0.7,0.7857142857142857,1.0,0.5714285714285714,0.5714285714285714,0.7272727272727273,0.018181818181818188,28.237516164779663,0.027566194534301758,"[1, 1, 0, 0, 1, 1, 1, 1, 0, 1]","[0, 1, 0, 0, 0, 1, 1, 0, 0, 1]"
Noisy_f8_s8192_r1_circular_standard,365,8,8,8192,1,circular,standard,"['attr_13_3', 'attr_26_2', 'attr_13_2', 'attr_1_1', 'attr_3_0', 'attr_3_1', 'attr_2_2', 'attr_2_3']",1.0,0.6277777777777778,0.9545454545454546,0.8,0.8571428571428572,1.0,0.7142857142857143,0.7142857142857143,0.8333333333333334,0.15454545454545454,28.144646883010864,0.027431488037109375,"[1, 1, 0, 0, 1, 1, 1, 1, 0, 1]","[0, 1, 0, 0, 0, 1, 1, 1, 0, 1]"
Noisy_f8_s8192_r1_circular_high,366,8,8,8192,1,circular,high,"['attr_13_3', 'attr_26_2', 'attr_13_2', 'attr_1_1', 'attr_3_0', 'attr_3_1', 'attr_2_2', 'attr_2_3']",0.001,0.5,0.2727272727272727,0.3,0.5,0.0,0.0,0.0,0.0,0.027272727272727282,29.241267681121826,0.026925086975097656,"[1, 1, 0, 0, 1, 1, 1, 1, 0, 1]","[0, 0, 0, 0, 0, 0, 0, 0, 0, 0]"
Noisy_f8_s8192_r1_full_low,367,8,8,8192,1,full,low,"['attr_13_3', 'attr_26_2', 'attr_13_2', 'attr_1_1', 'attr_3_0', 'attr_3_1', 'attr_2_2', 'attr_2_3']",1.0,0.6,0.9545454545454546,0.8,0.6666666666666666,0.7777777777777778,1.0,1.0,0.875,0.15454545454545454,35.75338387489319,0.0274965763092041,"[1, 1, 0, 0, 1, 1, 1, 1, 0, 1]","[1, 1, 0, 1, 1, 1, 1, 1, 1, 1]"
Noisy_f8_s8192_r1_full_standard,368,8,8,8192,1,full,standard,"['attr_13_3', 'attr_26_2', 'attr_13_2', 'attr_1_1', 'attr_3_0', 'attr_3_1', 'attr_2_2', 'attr_2_3']",0.001,0.5,0.2727272727272727,0.3,0.5,0.0,0.0,0.0,0.0,0.027272727272727282,35.566500425338745,0.03204774856567383,"[1, 1, 0, 0, 1, 1, 1, 1, 0, 1]","[0, 0, 0, 0, 0, 0, 0, 0, 0, 0]"
Noisy_f8_s8192_r1_full_high,369,8,8,8192,1,full,high,"['attr_13_3', 'attr_26_2', 'attr_13_2', 'attr_1_1', 'attr_3_0', 'attr_3_1', 'attr_2_2', 'attr_2_3']",0.001,0.5,0.2727272727272727,0.3,0.5,0.0,0.0,0.0,0.0,0.027272727272727282,36.052887201309204,0.030111312866210938,"[1, 1, 0, 0, 1, 1, 1, 1, 0, 1]","[0, 0, 0, 0, 0, 0, 0, 0, 0, 0]"
Noisy_f8_s8192_r2_linear_low,370,8,8,8192,2,linear,low,"['attr_13_3', 'attr_26_2', 'attr_13_2', 'attr_1_1', 'attr_3_0', 'attr_3_1', 'attr_2_2', 'attr_2_3']",0.001,0.5499999999999999,0.2727272727272727,0.3,0.5,0.0,0.0,0.0,0.0,0.027272727272727282,31.92004108428955,0.030272960662841797,"[1, 1, 0, 0, 1, 1, 1, 1, 0, 1]","[0, 0, 0, 0, 0, 0, 0, 0, 0, 0]"
Noisy_f8_s8192_r2_linear_standard,371,8,8,8192,2,linear,standard,"['attr_13_3', 'attr_26_2', 'attr_13_2', 'attr_1_1', 'attr_3_0', 'attr_3_1', 'attr_2_2', 'attr_2_3']",0.001,0.5,0.2727272727272727,0.3,0.5,0.0,0.0,0.0,0.0,0.027272727272727282,31.422707557678223,0.029468297958374023,"[1, 1, 0, 0, 1, 1, 1, 1, 0, 1]","[0, 0, 0, 0, 0, 0, 0, 0, 0, 0]"
Noisy_f8_s8192_r2_linear_high,372,8,8,8192,2,linear,high,"['attr_13_3', 'attr_26_2', 'attr_13_2', 'attr_1_1', 'attr_3_0', 'attr_3_1', 'attr_2_2', 'attr_2_3']",0.001,0.5,0.2727272727272727,0.3,0.5,0.0,0.0,0.0,0.0,0.027272727272727282,31.779953479766846,0.03174757957458496,"[1, 1, 0, 0, 1, 1, 1, 1, 0, 1]","[0, 0, 0, 0, 0, 0, 0, 0, 0, 0]"
Noisy_f8_s8192_r2_circular_low,373,8,8,8192,2,circular,low,"['attr_13_3', 'attr_26_2', 'attr_13_2', 'attr_1_1', 'attr_3_0', 'attr_3_1', 'attr_2_2', 'attr_2_3']",0.001,0.5499999999999999,0.2727272727272727,0.3,0.5,0.0,0.0,0.0,0.0,0.027272727272727282,32.410090923309326,0.0278472900390625,"[1, 1, 0, 0, 1, 1, 1, 1, 0, 1]","[0, 0, 0, 0, 0, 0, 0, 0, 0, 0]"
Noisy_f8_s8192_r2_circular_standard,374,8,8,8192,2,circular,standard,"['attr_13_3', 'attr_26_2', 'attr_13_2', 'attr_1_1', 'attr_3_0', 'attr_3_1', 'attr_2_2', 'attr_2_3']",0.01,0.5499999999999999,0.2727272727272727,0.3,0.5,0.0,0.0,0.0,0.0,0.027272727272727282,31.573989868164062,0.028085947036743164,"[1, 1, 0, 0, 1, 1, 1, 1, 0, 1]","[0, 0, 0, 0, 0, 0, 0, 0, 0, 0]"
Noisy_f8_s8192_r2_circular_high,375,8,8,8192,2,circular,high,"['attr_13_3', 'attr_26_2', 'attr_13_2', 'attr_1_1', 'attr_3_0', 'attr_3_1', 'attr_2_2', 'attr_2_3']",0.001,0.5,0.2727272727272727,0.3,0.5,0.0,0.0,0.0,0.0,0.027272727272727282,32.86318516731262,0.027971744537353516,"[1, 1, 0, 0, 1, 1, 1, 1, 0, 1]","[0, 0, 0, 0, 0, 0, 0, 0, 0, 0]"
Noisy_f8_s8192_r2_full_low,376,8,8,8192,2,full,low,"['attr_13_3', 'attr_26_2', 'attr_13_2', 'attr_1_1', 'attr_3_0', 'attr_3_1', 'attr_2_2', 'attr_2_3']",0.1,0.5,0.8181818181818182,0.3,0.30952380952380953,0.5,0.2857142857142857,0.2857142857142857,0.36363636363636365,0.5181818181818183,47.369532108306885,0.028046369552612305,"[1, 1, 0, 0, 1, 1, 1, 1, 0, 1]","[0, 1, 0, 1, 1, 0, 0, 0, 1, 0]"
Noisy_f8_s8192_r2_full_standard,377,8,8,8192,2,full,standard,"['attr_13_3', 'attr_26_2', 'attr_13_2', 'attr_1_1', 'attr_3_0', 'attr_3_1', 'attr_2_2', 'attr_2_3']",0.001,0.5,0.2727272727272727,0.3,0.5,0.0,0.0,0.0,0.0,0.027272727272727282,46.71825575828552,0.028414249420166016,"[1, 1, 0, 0, 1, 1, 1, 1, 0, 1]","[0, 0, 0, 0, 0, 0, 0, 0, 0, 0]"
Noisy_f8_s8192_r2_full_high,378,8,8,8192,2,full,high,"['attr_13_3', 'attr_26_2', 'attr_13_2', 'attr_1_1', 'attr_3_0', 'attr_3_1', 'attr_2_2', 'attr_2_3']",0.001,0.5,0.2727272727272727,0.3,0.5,0.0,0.0,0.0,0.0,0.027272727272727282,47.26959490776062,0.028038740158081055,"[1, 1, 0, 0, 1, 1, 1, 1, 0, 1]","[0, 0, 0, 0, 0, 0, 0, 0, 0, 0]"
Noisy_f9_s1024_r1_linear_low,379,9,9,1024,1,linear,low,"['attr_13_3', 'attr_26_2', 'attr_13_2', 'attr_1_1', 'attr_3_0', 'attr_3_1', 'attr_2_2', 'attr_2_3', 'attr_1_0']",0.01,0.6,0.7272727272727273,0.7,0.7857142857142857,1.0,0.5714285714285714,0.5714285714285714,0.7272727272727273,0.027272727272727337,11.23278260231018,0.024866342544555664,"[1, 1, 0, 0, 1, 1, 1, 1, 0, 1]","[0, 1, 0, 0, 0, 1, 1, 1, 0, 0]"
Noisy_f9_s1024_r1_linear_standard,380,9,9,1024,1,linear,standard,"['attr_13_3', 'attr_26_2', 'attr_13_2', 'attr_1_1', 'attr_3_0', 'attr_3_1', 'attr_2_2', 'attr_2_3', 'attr_1_0']",1.0,0.611111111111111,1.0,0.7,0.6904761904761905,0.8333333333333334,0.7142857142857143,0.7142857142857143,0.7692307692307693,0.30000000000000004,12.674349546432495,0.030401945114135742,"[1, 1, 0, 0, 1, 1, 1, 1, 0, 1]","[0, 1, 0, 0, 0, 1, 1, 1, 1, 1]"
Noisy_f9_s1024_r1_linear_high,381,9,9,1024,1,linear,high,"['attr_13_3', 'attr_26_2', 'attr_13_2', 'attr_1_1', 'attr_3_0', 'attr_3_1', 'attr_2_2', 'attr_2_3', 'attr_1_0']",0.001,0.5,0.2727272727272727,0.3,0.5,0.0,0.0,0.0,0.0,0.027272727272727282,12.623412609100342,0.025837421417236328,"[1, 1, 0, 0, 1, 1, 1, 1, 0, 1]","[0, 0, 0, 0, 0, 0, 0, 0, 0, 0]"
Noisy_f9_s1024_r1_circular_low,382,9,9,1024,1,circular,low,"['attr_13_3', 'attr_26_2', 'attr_13_2', 'attr_1_1', 'attr_3_0', 'attr_3_1', 'attr_2_2', 'attr_2_3', 'attr_1_0']",0.01,0.5833333333333334,0.6818181818181818,0.7,0.7857142857142857,1.0,0.5714285714285714,0.5714285714285714,0.7272727272727273,0.018181818181818188,13.066049575805664,0.03280997276306152,"[1, 1, 0, 0, 1, 1, 1, 1, 0, 1]","[0, 1, 0, 0, 0, 1, 1, 1, 0, 0]"
Noisy_f9_s1024_r1_circular_standard,383,9,9,1024,1,circular,standard,"['attr_13_3', 'attr_26_2', 'attr_13_2', 'attr_1_1', 'attr_3_0', 'attr_3_1', 'attr_2_2', 'attr_2_3', 'attr_1_0']",0.001,0.5833333333333334,0.2727272727272727,0.3,0.5,0.0,0.0,0.0,0.0,0.027272727272727282,13.944832563400269,0.027190208435058594,"[1, 1, 0, 0, 1, 1, 1, 1, 0, 1]","[0, 0, 0, 0, 0, 0, 0, 0, 0, 0]"
Noisy_f9_s1024_r1_circular_high,384,9,9,1024,1,circular,high,"['attr_13_3', 'attr_26_2', 'attr_13_2', 'attr_1_1', 'attr_3_0', 'attr_3_1', 'attr_2_2', 'attr_2_3', 'attr_1_0']",0.001,0.5,0.2727272727272727,0.3,0.5,0.0,0.0,0.0,0.0,0.027272727272727282,13.800361394882202,0.025188207626342773,"[1, 1, 0, 0, 1, 1, 1, 1, 0, 1]","[0, 0, 0, 0, 0, 0, 0, 0, 0, 0]"
Noisy_f9_s1024_r1_full_low,385,9,9,1024,1,full,low,"['attr_13_3', 'attr_26_2', 'attr_13_2', 'attr_1_1', 'attr_3_0', 'attr_3_1', 'attr_2_2', 'attr_2_3', 'attr_1_0']",0.001,0.5666666666666667,0.2727272727272727,0.3,0.5,0.0,0.0,0.0,0.0,0.027272727272727282,36.91585326194763,0.027979612350463867,"[1, 1, 0, 0, 1, 1, 1, 1, 0, 1]","[0, 0, 0, 0, 0, 0, 0, 0, 0, 0]"
Noisy_f9_s1024_r1_full_standard,386,9,9,1024,1,full,standard,"['attr_13_3', 'attr_26_2', 'attr_13_2', 'attr_1_1', 'attr_3_0', 'attr_3_1', 'attr_2_2', 'attr_2_3', 'attr_1_0']",0.001,0.5,0.2727272727272727,0.3,0.5,0.0,0.0,0.0,0.0,0.027272727272727282,37.177424907684326,0.026702880859375,"[1, 1, 0, 0, 1, 1, 1, 1, 0, 1]","[0, 0, 0, 0, 0, 0, 0, 0, 0, 0]"
Noisy_f9_s1024_r1_full_high,387,9,9,1024,1,full,high,"['attr_13_3', 'attr_26_2', 'attr_13_2', 'attr_1_1', 'attr_3_0', 'attr_3_1', 'attr_2_2', 'attr_2_3', 'attr_1_0']",0.001,0.5,0.2727272727272727,0.3,0.5,0.0,0.0,0.0,0.0,0.027272727272727282,37.057141065597534,0.029950618743896484,"[1, 1, 0, 0, 1, 1, 1, 1, 0, 1]","[0, 0, 0, 0, 0, 0, 0, 0, 0, 0]"
Noisy_f9_s1024_r2_linear_low,388,9,9,1024,2,linear,low,"['attr_13_3', 'attr_26_2', 'attr_13_2', 'attr_1_1', 'attr_3_0', 'attr_3_1', 'attr_2_2', 'attr_2_3', 'attr_1_0']",0.001,0.5166666666666667,0.2727272727272727,0.3,0.5,0.0,0.0,0.0,0.0,0.027272727272727282,20.56675148010254,0.029621601104736328,"[1, 1, 0, 0, 1, 1, 1, 1, 0, 1]","[0, 0, 0, 0, 0, 0, 0, 0, 0, 0]"
Noisy_f9_s1024_r2_linear_standard,389,9,9,1024,2,linear,standard,"['attr_13_3', 'attr_26_2', 'attr_13_2', 'attr_1_1', 'attr_3_0', 'attr_3_1', 'attr_2_2', 'attr_2_3', 'attr_1_0']",0.001,0.5,0.2727272727272727,0.3,0.5,0.0,0.0,0.0,0.0,0.027272727272727282,20.9318106174469,0.031386375427246094,"[1, 1, 0, 0, 1, 1, 1, 1, 0, 1]","[0, 0, 0, 0, 0, 0, 0, 0, 0, 0]"
Noisy_f9_s1024_r2_linear_high,390,9,9,1024,2,linear,high,"['attr_13_3', 'attr_26_2', 'attr_13_2', 'attr_1_1', 'attr_3_0', 'attr_3_1', 'attr_2_2', 'attr_2_3', 'attr_1_0']",0.001,0.5,0.2727272727272727,0.3,0.5,0.0,0.0,0.0,0.0,0.027272727272727282,23.63174319267273,0.027187347412109375,"[1, 1, 0, 0, 1, 1, 1, 1, 0, 1]","[0, 0, 0, 0, 0, 0, 0, 0, 0, 0]"
Noisy_f9_s1024_r2_circular_low,391,9,9,1024,2,circular,low,"['attr_13_3', 'attr_26_2', 'attr_13_2', 'attr_1_1', 'attr_3_0', 'attr_3_1', 'attr_2_2', 'attr_2_3', 'attr_1_0']",0.01,0.5499999999999999,0.7727272727272727,0.6,0.6190476190476191,0.8,0.5714285714285714,0.5714285714285714,0.6666666666666666,0.17272727272727273,36.21634006500244,0.027066946029663086,"[1, 1, 0, 0, 1, 1, 1, 1, 0, 1]","[0, 1, 0, 0, 0, 1, 1, 1, 1, 0]"
Noisy_f9_s1024_r2_circular_standard,392,9,9,1024,2,circular,standard,"['attr_13_3', 'attr_26_2', 'attr_13_2', 'attr_1_1', 'attr_3_0', 'attr_3_1', 'attr_2_2', 'attr_2_3', 'attr_1_0']",0.001,0.5,0.2727272727272727,0.3,0.5,0.0,0.0,0.0,0.0,0.027272727272727282,21.508254766464233,0.02993011474609375,"[1, 1, 0, 0, 1, 1, 1, 1, 0, 1]","[0, 0, 0, 0, 0, 0, 0, 0, 0, 0]"
Noisy_f9_s1024_r2_circular_high,393,9,9,1024,2,circular,high,"['attr_13_3', 'attr_26_2', 'attr_13_2', 'attr_1_1', 'attr_3_0', 'attr_3_1', 'attr_2_2', 'attr_2_3', 'attr_1_0']",0.001,0.5,0.2727272727272727,0.3,0.5,0.0,0.0,0.0,0.0,0.027272727272727282,21.47143268585205,0.03085017204284668,"[1, 1, 0, 0, 1, 1, 1, 1, 0, 1]","[0, 0, 0, 0, 0, 0, 0, 0, 0, 0]"
Noisy_f9_s1024_r2_full_low,394,9,9,1024,2,full,low,"['attr_13_3', 'attr_26_2', 'attr_13_2', 'attr_1_1', 'attr_3_0', 'attr_3_1', 'attr_2_2', 'attr_2_3', 'attr_1_0']",0.1,0.5,0.8181818181818182,0.3,0.30952380952380953,0.5,0.2857142857142857,0.2857142857142857,0.36363636363636365,0.5181818181818183,69.65732550621033,0.030009031295776367,"[1, 1, 0, 0, 1, 1, 1, 1, 0, 1]","[0, 1, 0, 1, 1, 0, 0, 0, 1, 0]"
Noisy_f9_s1024_r2_full_standard,395,9,9,1024,2,full,standard,"['attr_13_3', 'attr_26_2', 'attr_13_2', 'attr_1_1', 'attr_3_0', 'attr_3_1', 'attr_2_2', 'attr_2_3', 'attr_1_0']",0.001,0.5,0.2727272727272727,0.3,0.5,0.0,0.0,0.0,0.0,0.027272727272727282,67.54457426071167,0.02600407600402832,"[1, 1, 0, 0, 1, 1, 1, 1, 0, 1]","[0, 0, 0, 0, 0, 0, 0, 0, 0, 0]"
Noisy_f9_s1024_r2_full_high,396,9,9,1024,2,full,high,"['attr_13_3', 'attr_26_2', 'attr_13_2', 'attr_1_1', 'attr_3_0', 'attr_3_1', 'attr_2_2', 'attr_2_3', 'attr_1_0']",0.001,0.5,0.2727272727272727,0.3,0.5,0.0,0.0,0.0,0.0,0.027272727272727282,66.37479948997498,0.0262906551361084,"[1, 1, 0, 0, 1, 1, 1, 1, 0, 1]","[0, 0, 0, 0, 0, 0, 0, 0, 0, 0]"
Noisy_f9_s4096_r1_linear_low,397,9,9,4096,1,linear,low,"['attr_13_3', 'attr_26_2', 'attr_13_2', 'attr_1_1', 'attr_3_0', 'attr_3_1', 'attr_2_2', 'attr_2_3', 'attr_1_0']",0.01,0.5666666666666667,0.7272727272727273,0.7,0.7857142857142857,1.0,0.5714285714285714,0.5714285714285714,0.7272727272727273,0.027272727272727337,21.827208280563354,0.027138710021972656,"[1, 1, 0, 0, 1, 1, 1, 1, 0, 1]","[0, 1, 0, 0, 0, 1, 1, 1, 0, 0]"
Noisy_f9_s4096_r1_linear_standard,398,9,9,4096,1,linear,standard,"['attr_13_3', 'attr_26_2', 'attr_13_2', 'attr_1_1', 'attr_3_0', 'attr_3_1', 'attr_2_2', 'attr_2_3', 'attr_1_0']",0.001,0.5499999999999999,0.2727272727272727,0.3,0.5,0.0,0.0,0.0,0.0,0.027272727272727282,21.59843111038208,0.02676224708557129,"[1, 1, 0, 0, 1, 1, 1, 1, 0, 1]","[0, 0, 0, 0, 0, 0, 0, 0, 0, 0]"
Noisy_f9_s4096_r1_linear_high,399,9,9,4096,1,linear,high,"['attr_13_3', 'attr_26_2', 'attr_13_2', 'attr_1_1', 'attr_3_0', 'attr_3_1', 'attr_2_2', 'attr_2_3', 'attr_1_0']",0.001,0.5,0.2727272727272727,0.3,0.5,0.0,0.0,0.0,0.0,0.027272727272727282,21.977847814559937,0.02635359764099121,"[1, 1, 0, 0, 1, 1, 1, 1, 0, 1]","[0, 0, 0, 0, 0, 0, 0, 0, 0, 0]"
Noisy_f9_s4096_r1_circular_low,400,9,9,4096,1,circular,low,"['attr_13_3', 'attr_26_2', 'attr_13_2', 'attr_1_1', 'attr_3_0', 'attr_3_1', 'attr_2_2', 'attr_2_3', 'attr_1_0']",0.01,0.5666666666666667,0.2727272727272727,0.3,0.5,0.0,0.0,0.0,0.0,0.027272727272727282,22.446370363235474,0.02629375457763672,"[1, 1, 0, 0, 1, 1, 1, 1, 0, 1]","[0, 0, 0, 0, 0, 0, 0, 0, 0, 0]"
Noisy_f9_s4096_r1_circular_standard,401,9,9,4096,1,circular,standard,"['attr_13_3', 'attr_26_2', 'attr_13_2', 'attr_1_1', 'attr_3_0', 'attr_3_1', 'attr_2_2', 'attr_2_3', 'attr_1_0']",0.001,0.5499999999999999,0.2727272727272727,0.3,0.5,0.0,0.0,0.0,0.0,0.027272727272727282,22.982507705688477,0.025379180908203125,"[1, 1, 0, 0, 1, 1, 1, 1, 0, 1]","[0, 0, 0, 0, 0, 0, 0, 0, 0, 0]"
Noisy_f9_s4096_r1_circular_high,402,9,9,4096,1,circular,high,"['attr_13_3', 'attr_26_2', 'attr_13_2', 'attr_1_1', 'attr_3_0', 'attr_3_1', 'attr_2_2', 'attr_2_3', 'attr_1_0']",0.001,0.5,0.2727272727272727,0.3,0.5,0.0,0.0,0.0,0.0,0.027272727272727282,23.06579613685608,0.030252456665039062,"[1, 1, 0, 0, 1, 1, 1, 1, 0, 1]","[0, 0, 0, 0, 0, 0, 0, 0, 0, 0]"
Noisy_f9_s4096_r1_full_low,403,9,9,4096,1,full,low,"['attr_13_3', 'attr_26_2', 'attr_13_2', 'attr_1_1', 'attr_3_0', 'attr_3_1', 'attr_2_2', 'attr_2_3', 'attr_1_0']",0.01,0.5666666666666667,0.8181818181818182,0.5,0.5476190476190476,0.75,0.42857142857142855,0.42857142857142855,0.5454545454545454,0.31818181818181823,44.76353740692139,0.04088592529296875,"[1, 1, 0, 0, 1, 1, 1, 1, 0, 1]","[0, 1, 0, 0, 0, 1, 1, 0, 1, 0]"
Noisy_f9_s4096_r1_full_standard,404,9,9,4096,1,full,standard,"['attr_13_3', 'attr_26_2', 'attr_13_2', 'attr_1_1', 'attr_3_0', 'attr_3_1', 'attr_2_2', 'attr_2_3', 'attr_1_0']",0.001,0.5,0.2727272727272727,0.3,0.5,0.0,0.0,0.0,0.0,0.027272727272727282,45.51565647125244,0.025642871856689453,"[1, 1, 0, 0, 1, 1, 1, 1, 0, 1]","[0, 0, 0, 0, 0, 0, 0, 0, 0, 0]"
Noisy_f9_s4096_r1_full_high,405,9,9,4096,1,full,high,"['attr_13_3', 'attr_26_2', 'attr_13_2', 'attr_1_1', 'attr_3_0', 'attr_3_1', 'attr_2_2', 'attr_2_3', 'attr_1_0']",0.001,0.5,0.2727272727272727,0.3,0.5,0.0,0.0,0.0,0.0,0.027272727272727282,44.909512758255005,0.025342941284179688,"[1, 1, 0, 0, 1, 1, 1, 1, 0, 1]","[0, 0, 0, 0, 0, 0, 0, 0, 0, 0]"
Noisy_f9_s4096_r2_linear_low,406,9,9,4096,2,linear,low,"['attr_13_3', 'attr_26_2', 'attr_13_2', 'attr_1_1', 'attr_3_0', 'attr_3_1', 'attr_2_2', 'attr_2_3', 'attr_1_0']",0.001,0.5499999999999999,0.2727272727272727,0.3,0.5,0.0,0.0,0.0,0.0,0.027272727272727282,29.475569248199463,0.028365612030029297,"[1, 1, 0, 0, 1, 1, 1, 1, 0, 1]","[0, 0, 0, 0, 0, 0, 0, 0, 0, 0]"
Noisy_f9_s4096_r2_linear_standard,407,9,9,4096,2,linear,standard,"['attr_13_3', 'attr_26_2', 'attr_13_2', 'attr_1_1', 'attr_3_0', 'attr_3_1', 'attr_2_2', 'attr_2_3', 'attr_1_0']",0.001,0.5,0.2727272727272727,0.3,0.5,0.0,0.0,0.0,0.0,0.027272727272727282,29.7702956199646,0.03551149368286133,"[1, 1, 0, 0, 1, 1, 1, 1, 0, 1]","[0, 0, 0, 0, 0, 0, 0, 0, 0, 0]"
Noisy_f9_s4096_r2_linear_high,408,9,9,4096,2,linear,high,"['attr_13_3', 'attr_26_2', 'attr_13_2', 'attr_1_1', 'attr_3_0', 'attr_3_1', 'attr_2_2', 'attr_2_3', 'attr_1_0']",0.001,0.5,0.2727272727272727,0.3,0.5,0.0,0.0,0.0,0.0,0.027272727272727282,30.15683126449585,0.03571748733520508,"[1, 1, 0, 0, 1, 1, 1, 1, 0, 1]","[0, 0, 0, 0, 0, 0, 0, 0, 0, 0]"
Noisy_f9_s4096_r2_circular_low,409,9,9,4096,2,circular,low,"['attr_13_3', 'attr_26_2', 'attr_13_2', 'attr_1_1', 'attr_3_0', 'attr_3_1', 'attr_2_2', 'attr_2_3', 'attr_1_0']",0.001,0.5666666666666667,0.2727272727272727,0.3,0.5,0.0,0.0,0.0,0.0,0.027272727272727282,31.772616863250732,0.030849695205688477,"[1, 1, 0, 0, 1, 1, 1, 1, 0, 1]","[0, 0, 0, 0, 0, 0, 0, 0, 0, 0]"
Noisy_f9_s4096_r2_circular_standard,410,9,9,4096,2,circular,standard,"['attr_13_3', 'attr_26_2', 'attr_13_2', 'attr_1_1', 'attr_3_0', 'attr_3_1', 'attr_2_2', 'attr_2_3', 'attr_1_0']",0.001,0.5,0.2727272727272727,0.3,0.5,0.0,0.0,0.0,0.0,0.027272727272727282,33.80443453788757,0.030797481536865234,"[1, 1, 0, 0, 1, 1, 1, 1, 0, 1]","[0, 0, 0, 0, 0, 0, 0, 0, 0, 0]"
Noisy_f9_s4096_r2_circular_high,411,9,9,4096,2,circular,high,"['attr_13_3', 'attr_26_2', 'attr_13_2', 'attr_1_1', 'attr_3_0', 'attr_3_1', 'attr_2_2', 'attr_2_3', 'attr_1_0']",0.001,0.5,0.2727272727272727,0.3,0.5,0.0,0.0,0.0,0.0,0.027272727272727282,31.95614719390869,0.04500889778137207,"[1, 1, 0, 0, 1, 1, 1, 1, 0, 1]","[0, 0, 0, 0, 0, 0, 0, 0, 0, 0]"
Noisy_f9_s4096_r2_full_low,412,9,9,4096,2,full,low,"['attr_13_3', 'attr_26_2', 'attr_13_2', 'attr_1_1', 'attr_3_0', 'attr_3_1', 'attr_2_2', 'attr_2_3', 'attr_1_0']",0.001,0.5,0.2727272727272727,0.3,0.5,0.0,0.0,0.0,0.0,0.027272727272727282,77.52812886238098,0.025602340698242188,"[1, 1, 0, 0, 1, 1, 1, 1, 0, 1]","[0, 0, 0, 0, 0, 0, 0, 0, 0, 0]"
Noisy_f9_s4096_r2_full_standard,413,9,9,4096,2,full,standard,"['attr_13_3', 'attr_26_2', 'attr_13_2', 'attr_1_1', 'attr_3_0', 'attr_3_1', 'attr_2_2', 'attr_2_3', 'attr_1_0']",0.001,0.5,0.2727272727272727,0.3,0.5,0.0,0.0,0.0,0.0,0.027272727272727282,75.75993537902832,0.04235982894897461,"[1, 1, 0, 0, 1, 1, 1, 1, 0, 1]","[0, 0, 0, 0, 0, 0, 0, 0, 0, 0]"
Noisy_f9_s4096_r2_full_high,414,9,9,4096,2,full,high,"['attr_13_3', 'attr_26_2', 'attr_13_2', 'attr_1_1', 'attr_3_0', 'attr_3_1', 'attr_2_2', 'attr_2_3', 'attr_1_0']",0.001,0.5,0.2727272727272727,0.3,0.5,0.0,0.0,0.0,0.0,0.027272727272727282,76.21836185455322,0.026950597763061523,"[1, 1, 0, 0, 1, 1, 1, 1, 0, 1]","[0, 0, 0, 0, 0, 0, 0, 0, 0, 0]"
Noisy_f9_s8192_r1_linear_low,415,9,9,8192,1,linear,low,"['attr_13_3', 'attr_26_2', 'attr_13_2', 'attr_1_1', 'attr_3_0', 'attr_3_1', 'attr_2_2', 'attr_2_3', 'attr_1_0']",0.01,0.5666666666666667,0.2727272727272727,0.3,0.5,0.0,0.0,0.0,0.0,0.027272727272727282,34.618632078170776,0.026535511016845703,"[1, 1, 0, 0, 1, 1, 1, 1, 0, 1]","[0, 0, 0, 0, 0, 0, 0, 0, 0, 0]"
Noisy_f9_s8192_r1_linear_standard,416,9,9,8192,1,linear,standard,"['attr_13_3', 'attr_26_2', 'attr_13_2', 'attr_1_1', 'attr_3_0', 'attr_3_1', 'attr_2_2', 'attr_2_3', 'attr_1_0']",0.01,0.5499999999999999,0.9545454545454546,0.7,0.6904761904761905,0.8333333333333334,0.7142857142857143,0.7142857142857143,0.7692307692307693,0.25454545454545463,34.07149791717529,0.030663013458251953,"[1, 1, 0, 0, 1, 1, 1, 1, 0, 1]","[0, 1, 0, 0, 0, 1, 1, 1, 1, 1]"
Noisy_f9_s8192_r1_linear_high,417,9,9,8192,1,linear,high,"['attr_13_3', 'attr_26_2', 'attr_13_2', 'attr_1_1', 'attr_3_0', 'attr_3_1', 'attr_2_2', 'attr_2_3', 'attr_1_0']",0.001,0.5,0.2727272727272727,0.3,0.5,0.0,0.0,0.0,0.0,0.027272727272727282,34.8231303691864,0.02971029281616211,"[1, 1, 0, 0, 1, 1, 1, 1, 0, 1]","[0, 0, 0, 0, 0, 0, 0, 0, 0, 0]"
Noisy_f9_s8192_r1_circular_low,418,9,9,8192,1,circular,low,"['attr_13_3', 'attr_26_2', 'attr_13_2', 'attr_1_1', 'attr_3_0', 'attr_3_1', 'attr_2_2', 'attr_2_3', 'attr_1_0']",0.01,0.5666666666666667,0.7272727272727273,0.7,0.7857142857142857,1.0,0.5714285714285714,0.5714285714285714,0.7272727272727273,0.027272727272727337,35.8223774433136,0.02734971046447754,"[1, 1, 0, 0, 1, 1, 1, 1, 0, 1]","[0, 1, 0, 0, 0, 1, 1, 1, 0, 0]"
Noisy_f9_s8192_r1_circular_standard,419,9,9,8192,1,circular,standard,"['attr_13_3', 'attr_26_2', 'attr_13_2', 'attr_1_1', 'attr_3_0', 'attr_3_1', 'attr_2_2', 'attr_2_3', 'attr_1_0']",0.001,0.5499999999999999,0.2727272727272727,0.3,0.5,0.0,0.0,0.0,0.0,0.027272727272727282,35.96737289428711,0.029011964797973633,"[1, 1, 0, 0, 1, 1, 1, 1, 0, 1]","[0, 0, 0, 0, 0, 0, 0, 0, 0, 0]"
Noisy_f9_s8192_r1_circular_high,420,9,9,8192,1,circular,high,"['attr_13_3', 'attr_26_2', 'attr_13_2', 'attr_1_1', 'attr_3_0', 'attr_3_1', 'attr_2_2', 'attr_2_3', 'attr_1_0']",0.001,0.5,0.2727272727272727,0.3,0.5,0.0,0.0,0.0,0.0,0.027272727272727282,35.8528950214386,0.02984142303466797,"[1, 1, 0, 0, 1, 1, 1, 1, 0, 1]","[0, 0, 0, 0, 0, 0, 0, 0, 0, 0]"
Noisy_f9_s8192_r1_full_low,421,9,9,8192,1,full,low,"['attr_13_3', 'attr_26_2', 'attr_13_2', 'attr_1_1', 'attr_3_0', 'attr_3_1', 'attr_2_2', 'attr_2_3', 'attr_1_0']",0.001,0.5499999999999999,0.2727272727272727,0.3,0.5,0.0,0.0,0.0,0.0,0.027272727272727282,58.32286524772644,0.02742600440979004,"[1, 1, 0, 0, 1, 1, 1, 1, 0, 1]","[0, 0, 0, 0, 0, 0, 0, 0, 0, 0]"
Noisy_f9_s8192_r1_full_standard,422,9,9,8192,1,full,standard,"['attr_13_3', 'attr_26_2', 'attr_13_2', 'attr_1_1', 'attr_3_0', 'attr_3_1', 'attr_2_2', 'attr_2_3', 'attr_1_0']",0.001,0.5,0.2727272727272727,0.3,0.5,0.0,0.0,0.0,0.0,0.027272727272727282,58.83092260360718,0.026288509368896484,"[1, 1, 0, 0, 1, 1, 1, 1, 0, 1]","[0, 0, 0, 0, 0, 0, 0, 0, 0, 0]"
Noisy_f9_s8192_r1_full_high,423,9,9,8192,1,full,high,"['attr_13_3', 'attr_26_2', 'attr_13_2', 'attr_1_1', 'attr_3_0', 'attr_3_1', 'attr_2_2', 'attr_2_3', 'attr_1_0']",0.001,0.5,0.2727272727272727,0.3,0.5,0.0,0.0,0.0,0.0,0.027272727272727282,58.670917987823486,0.02700066566467285,"[1, 1, 0, 0, 1, 1, 1, 1, 0, 1]","[0, 0, 0, 0, 0, 0, 0, 0, 0, 0]"
Noisy_f9_s8192_r2_linear_low,424,9,9,8192,2,linear,low,"['attr_13_3', 'attr_26_2', 'attr_13_2', 'attr_1_1', 'attr_3_0', 'attr_3_1', 'attr_2_2', 'attr_2_3', 'attr_1_0']",0.001,0.5499999999999999,0.2727272727272727,0.3,0.5,0.0,0.0,0.0,0.0,0.027272727272727282,42.845547914505005,0.02489495277404785,"[1, 1, 0, 0, 1, 1, 1, 1, 0, 1]","[0, 0, 0, 0, 0, 0, 0, 0, 0, 0]"
Noisy_f9_s8192_r2_linear_standard,425,9,9,8192,2,linear,standard,"['attr_13_3', 'attr_26_2', 'attr_13_2', 'attr_1_1', 'attr_3_0', 'attr_3_1', 'attr_2_2', 'attr_2_3', 'attr_1_0']",0.001,0.5,0.2727272727272727,0.3,0.5,0.0,0.0,0.0,0.0,0.027272727272727282,42.24845361709595,0.028392314910888672,"[1, 1, 0, 0, 1, 1, 1, 1, 0, 1]","[0, 0, 0, 0, 0, 0, 0, 0, 0, 0]"
Noisy_f9_s8192_r2_linear_high,426,9,9,8192,2,linear,high,"['attr_13_3', 'attr_26_2', 'attr_13_2', 'attr_1_1', 'attr_3_0', 'attr_3_1', 'attr_2_2', 'attr_2_3', 'attr_1_0']",0.001,0.5,0.2727272727272727,0.3,0.5,0.0,0.0,0.0,0.0,0.027272727272727282,42.6813759803772,0.03471493721008301,"[1, 1, 0, 0, 1, 1, 1, 1, 0, 1]","[0, 0, 0, 0, 0, 0, 0, 0, 0, 0]"
Noisy_f9_s8192_r2_circular_low,427,9,9,8192,2,circular,low,"['attr_13_3', 'attr_26_2', 'attr_13_2', 'attr_1_1', 'attr_3_0', 'attr_3_1', 'attr_2_2', 'attr_2_3', 'attr_1_0']",0.001,0.5666666666666667,0.2727272727272727,0.3,0.5,0.0,0.0,0.0,0.0,0.027272727272727282,44.59341335296631,0.02693462371826172,"[1, 1, 0, 0, 1, 1, 1, 1, 0, 1]","[0, 0, 0, 0, 0, 0, 0, 0, 0, 0]"
Noisy_f9_s8192_r2_circular_standard,428,9,9,8192,2,circular,standard,"['attr_13_3', 'attr_26_2', 'attr_13_2', 'attr_1_1', 'attr_3_0', 'attr_3_1', 'attr_2_2', 'attr_2_3', 'attr_1_0']",0.001,0.5,0.2727272727272727,0.3,0.5,0.0,0.0,0.0,0.0,0.027272727272727282,44.55646204948425,0.028118371963500977,"[1, 1, 0, 0, 1, 1, 1, 1, 0, 1]","[0, 0, 0, 0, 0, 0, 0, 0, 0, 0]"
Noisy_f9_s8192_r2_circular_high,429,9,9,8192,2,circular,high,"['attr_13_3', 'attr_26_2', 'attr_13_2', 'attr_1_1', 'attr_3_0', 'attr_3_1', 'attr_2_2', 'attr_2_3', 'attr_1_0']",0.001,0.5,0.2727272727272727,0.3,0.5,0.0,0.0,0.0,0.0,0.027272727272727282,44.908071756362915,0.03167915344238281,"[1, 1, 0, 0, 1, 1, 1, 1, 0, 1]","[0, 0, 0, 0, 0, 0, 0, 0, 0, 0]"
Noisy_f9_s8192_r2_full_low,430,9,9,8192,2,full,low,"['attr_13_3', 'attr_26_2', 'attr_13_2', 'attr_1_1', 'attr_3_0', 'attr_3_1', 'attr_2_2', 'attr_2_3', 'attr_1_0']",0.001,0.5,0.2727272727272727,0.3,0.5,0.0,0.0,0.0,0.0,0.027272727272727282,88.88195204734802,0.030438899993896484,"[1, 1, 0, 0, 1, 1, 1, 1, 0, 1]","[0, 0, 0, 0, 0, 0, 0, 0, 0, 0]"
Noisy_f9_s8192_r2_full_standard,431,9,9,8192,2,full,standard,"['attr_13_3', 'attr_26_2', 'attr_13_2', 'attr_1_1', 'attr_3_0', 'attr_3_1', 'attr_2_2', 'attr_2_3', 'attr_1_0']",0.001,0.5,0.2727272727272727,0.3,0.5,0.0,0.0,0.0,0.0,0.027272727272727282,88.55540466308594,0.03296089172363281,"[1, 1, 0, 0, 1, 1, 1, 1, 0, 1]","[0, 0, 0, 0, 0, 0, 0, 0, 0, 0]"
Noisy_f9_s8192_r2_full_high,432,9,9,8192,2,full,high,"['attr_13_3', 'attr_26_2', 'attr_13_2', 'attr_1_1', 'attr_3_0', 'attr_3_1', 'attr_2_2', 'attr_2_3', 'attr_1_0']",0.001,0.5,0.2727272727272727,0.3,0.5,0.0,0.0,0.0,0.0,0.027272727272727282,88.80622124671936,0.02863168716430664,"[1, 1, 0, 0, 1, 1, 1, 1, 0, 1]","[0, 0, 0, 0, 0, 0, 0, 0, 0, 0]"
Noisy_f10_s1024_r1_linear_low,433,10,10,1024,1,linear,low,"['attr_13_3', 'attr_26_2', 'attr_13_2', 'attr_1_1', 'attr_3_0', 'attr_3_1', 'attr_2_2', 'attr_2_3', 'attr_1_0', 'attr_4_2.0']",0.01,0.5333333333333333,0.7272727272727273,0.7,0.7857142857142857,1.0,0.5714285714285714,0.5714285714285714,0.7272727272727273,0.027272727272727337,131.78901743888855,0.0253446102142334,"[1, 1, 0, 0, 1, 1, 1, 1, 0, 1]","[0, 1, 0, 0, 0, 1, 1, 1, 0, 0]"
Noisy_f10_s1024_r1_linear_standard,434,10,10,1024,1,linear,standard,"['attr_13_3', 'attr_26_2', 'attr_13_2', 'attr_1_1', 'attr_3_0', 'attr_3_1', 'attr_2_2', 'attr_2_3', 'attr_1_0', 'attr_4_2.0']",0.01,0.5499999999999999,1.0,0.7,0.7857142857142857,1.0,0.5714285714285714,0.5714285714285714,0.7272727272727273,0.30000000000000004,132.09125208854675,0.026447057723999023,"[1, 1, 0, 0, 1, 1, 1, 1, 0, 1]","[0, 1, 0, 0, 0, 1, 1, 1, 0, 0]"
Noisy_f10_s1024_r1_linear_high,435,10,10,1024,1,linear,high,"['attr_13_3', 'attr_26_2', 'attr_13_2', 'attr_1_1', 'attr_3_0', 'attr_3_1', 'attr_2_2', 'attr_2_3', 'attr_1_0', 'attr_4_2.0']",0.001,0.5,0.2727272727272727,0.3,0.5,0.0,0.0,0.0,0.0,0.027272727272727282,132.78840470314026,0.03155875205993652,"[1, 1, 0, 0, 1, 1, 1, 1, 0, 1]","[0, 0, 0, 0, 0, 0, 0, 0, 0, 0]"
Noisy_f10_s1024_r1_circular_low,436,10,10,1024,1,circular,low,"['attr_13_3', 'attr_26_2', 'attr_13_2', 'attr_1_1', 'attr_3_0', 'attr_3_1', 'attr_2_2', 'attr_2_3', 'attr_1_0', 'attr_4_2.0']",0.01,0.5166666666666667,0.7272727272727273,0.7,0.7857142857142857,1.0,0.5714285714285714,0.5714285714285714,0.7272727272727273,0.027272727272727337,140.4338095188141,0.02680683135986328,"[1, 1, 0, 0, 1, 1, 1, 1, 0, 1]","[0, 1, 0, 0, 0, 1, 1, 1, 0, 0]"
Noisy_f10_s1024_r1_circular_standard,437,10,10,1024,1,circular,standard,"['attr_13_3', 'attr_26_2', 'attr_13_2', 'attr_1_1', 'attr_3_0', 'attr_3_1', 'attr_2_2', 'attr_2_3', 'attr_1_0', 'attr_4_2.0']",0.001,0.5,0.2727272727272727,0.3,0.5,0.0,0.0,0.0,0.0,0.027272727272727282,140.9749677181244,0.03310990333557129,"[1, 1, 0, 0, 1, 1, 1, 1, 0, 1]","[0, 0, 0, 0, 0, 0, 0, 0, 0, 0]"
Noisy_f10_s1024_r1_circular_high,438,10,10,1024,1,circular,high,"['attr_13_3', 'attr_26_2', 'attr_13_2', 'attr_1_1', 'attr_3_0', 'attr_3_1', 'attr_2_2', 'attr_2_3', 'attr_1_0', 'attr_4_2.0']",0.001,0.5,0.2727272727272727,0.3,0.5,0.0,0.0,0.0,0.0,0.027272727272727282,141.55483555793762,0.0286865234375,"[1, 1, 0, 0, 1, 1, 1, 1, 0, 1]","[0, 0, 0, 0, 0, 0, 0, 0, 0, 0]"
Noisy_f10_s1024_r1_full_low,439,10,10,1024,1,full,low,"['attr_13_3', 'attr_26_2', 'attr_13_2', 'attr_1_1', 'attr_3_0', 'attr_3_1', 'attr_2_2', 'attr_2_3', 'attr_1_0', 'attr_4_2.0']",0.01,0.6333333333333333,0.9090909090909091,0.7,0.5952380952380952,0.75,0.8571428571428571,0.8571428571428571,0.8,0.2090909090909091,431.25686526298523,6.118340730667114,"[1, 1, 0, 0, 1, 1, 1, 1, 0, 1]","[1, 1, 0, 1, 0, 1, 1, 1, 1, 1]"
Noisy_f10_s1024_r1_full_standard,440,10,10,1024,1,full,standard,"['attr_13_3', 'attr_26_2', 'attr_13_2', 'attr_1_1', 'attr_3_0', 'attr_3_1', 'attr_2_2', 'attr_2_3', 'attr_1_0', 'attr_4_2.0']",0.001,0.5,0.2727272727272727,0.3,0.5,0.0,0.0,0.0,0.0,0.027272727272727282,429.5156879425049,4.893115043640137,"[1, 1, 0, 0, 1, 1, 1, 1, 0, 1]","[0, 0, 0, 0, 0, 0, 0, 0, 0, 0]"
Noisy_f10_s1024_r1_full_high,441,10,10,1024,1,full,high,"['attr_13_3', 'attr_26_2', 'attr_13_2', 'attr_1_1', 'attr_3_0', 'attr_3_1', 'attr_2_2', 'attr_2_3', 'attr_1_0', 'attr_4_2.0']",0.001,0.5,0.2727272727272727,0.3,0.5,0.0,0.0,0.0,0.0,0.027272727272727282,430.4605667591095,5.525742530822754,"[1, 1, 0, 0, 1, 1, 1, 1, 0, 1]","[0, 0, 0, 0, 0, 0, 0, 0, 0, 0]"
Noisy_f10_s1024_r2_linear_low,442,10,10,1024,2,linear,low,"['attr_13_3', 'attr_26_2', 'attr_13_2', 'attr_1_1', 'attr_3_0', 'attr_3_1', 'attr_2_2', 'attr_2_3', 'attr_1_0', 'attr_4_2.0']",0.001,0.5499999999999999,0.2727272727272727,0.3,0.5,0.0,0.0,0.0,0.0,0.027272727272727282,250.81796646118164,0.026277780532836914,"[1, 1, 0, 0, 1, 1, 1, 1, 0, 1]","[0, 0, 0, 0, 0, 0, 0, 0, 0, 0]"
Noisy_f10_s1024_r2_linear_standard,443,10,10,1024,2,linear,standard,"['attr_13_3', 'attr_26_2', 'attr_13_2', 'attr_1_1', 'attr_3_0', 'attr_3_1', 'attr_2_2', 'attr_2_3', 'attr_1_0', 'attr_4_2.0']",0.001,0.5,0.2727272727272727,0.3,0.5,0.0,0.0,0.0,0.0,0.027272727272727282,252.07277464866638,0.028643131256103516,"[1, 1, 0, 0, 1, 1, 1, 1, 0, 1]","[0, 0, 0, 0, 0, 0, 0, 0, 0, 0]"
Noisy_f10_s1024_r2_linear_high,444,10,10,1024,2,linear,high,"['attr_13_3', 'attr_26_2', 'attr_13_2', 'attr_1_1', 'attr_3_0', 'attr_3_1', 'attr_2_2', 'attr_2_3', 'attr_1_0', 'attr_4_2.0']",0.001,0.5,0.2727272727272727,0.3,0.5,0.0,0.0,0.0,0.0,0.027272727272727282,251.5764319896698,0.03432154655456543,"[1, 1, 0, 0, 1, 1, 1, 1, 0, 1]","[0, 0, 0, 0, 0, 0, 0, 0, 0, 0]"
Noisy_f10_s1024_r2_circular_low,445,10,10,1024,2,circular,low,"['attr_13_3', 'attr_26_2', 'attr_13_2', 'attr_1_1', 'attr_3_0', 'attr_3_1', 'attr_2_2', 'attr_2_3', 'attr_1_0', 'attr_4_2.0']",0.001,0.5166666666666667,0.2727272727272727,0.3,0.5,0.0,0.0,0.0,0.0,0.027272727272727282,268.27424454689026,0.0315556526184082,"[1, 1, 0, 0, 1, 1, 1, 1, 0, 1]","[0, 0, 0, 0, 0, 0, 0, 0, 0, 0]"
Noisy_f10_s1024_r2_circular_standard,446,10,10,1024,2,circular,standard,"['attr_13_3', 'attr_26_2', 'attr_13_2', 'attr_1_1', 'attr_3_0', 'attr_3_1', 'attr_2_2', 'attr_2_3', 'attr_1_0', 'attr_4_2.0']",0.001,0.5,0.2727272727272727,0.3,0.5,0.0,0.0,0.0,0.0,0.027272727272727282,268.3269579410553,0.02917313575744629,"[1, 1, 0, 0, 1, 1, 1, 1, 0, 1]","[0, 0, 0, 0, 0, 0, 0, 0, 0, 0]"
Noisy_f10_s1024_r2_circular_high,447,10,10,1024,2,circular,high,"['attr_13_3', 'attr_26_2', 'attr_13_2', 'attr_1_1', 'attr_3_0', 'attr_3_1', 'attr_2_2', 'attr_2_3', 'attr_1_0', 'attr_4_2.0']",0.001,0.5,0.2727272727272727,0.3,0.5,0.0,0.0,0.0,0.0,0.027272727272727282,268.27744603157043,0.02674078941345215,"[1, 1, 0, 0, 1, 1, 1, 1, 0, 1]","[0, 0, 0, 0, 0, 0, 0, 0, 0, 0]"
Noisy_f10_s1024_r2_full_low,448,10,10,1024,2,full,low,"['attr_13_3', 'attr_26_2', 'attr_13_2', 'attr_1_1', 'attr_3_0', 'attr_3_1', 'attr_2_2', 'attr_2_3', 'attr_1_0', 'attr_4_2.0']",0.1,0.5,0.9090909090909091,0.6,0.42857142857142855,0.6666666666666666,0.8571428571428571,0.8571428571428571,0.75,0.3090909090909091,841.4010105133057,5.43102502822876,"[1, 1, 0, 0, 1, 1, 1, 1, 0, 1]","[0, 1, 1, 1, 1, 1, 1, 1, 1, 1]"
Noisy_f10_s1024_r2_full_standard,449,10,10,1024,2,full,standard,"['attr_13_3', 'attr_26_2', 'attr_13_2', 'attr_1_1', 'attr_3_0', 'attr_3_1', 'attr_2_2', 'attr_2_3', 'attr_1_0', 'attr_4_2.0']",0.001,0.5,0.2727272727272727,0.3,0.5,0.0,0.0,0.0,0.0,0.027272727272727282,843.6511480808258,4.910490036010742,"[1, 1, 0, 0, 1, 1, 1, 1, 0, 1]","[0, 0, 0, 0, 0, 0, 0, 0, 0, 0]"
Noisy_f10_s1024_r2_full_high,450,10,10,1024,2,full,high,"['attr_13_3', 'attr_26_2', 'attr_13_2', 'attr_1_1', 'attr_3_0', 'attr_3_1', 'attr_2_2', 'attr_2_3', 'attr_1_0', 'attr_4_2.0']",0.001,0.5,0.2727272727272727,0.3,0.5,0.0,0.0,0.0,0.0,0.027272727272727282,853.8259136676788,5.307553052902222,"[1, 1, 0, 0, 1, 1, 1, 1, 0, 1]","[0, 0, 0, 0, 0, 0, 0, 0, 0, 0]"
Noisy_f10_s4096_r1_linear_low,451,10,10,4096,1,linear,low,"['attr_13_3', 'attr_26_2', 'attr_13_2', 'attr_1_1', 'attr_3_0', 'attr_3_1', 'attr_2_2', 'attr_2_3', 'attr_1_0', 'attr_4_2.0']",0.01,0.5666666666666667,0.7272727272727273,0.7,0.7857142857142857,1.0,0.5714285714285714,0.5714285714285714,0.7272727272727273,0.027272727272727337,39.47579836845398,0.0355679988861084,"[1, 1, 0, 0, 1, 1, 1, 1, 0, 1]","[0, 1, 0, 0, 0, 1, 1, 1, 0, 0]"
Noisy_f10_s4096_r1_linear_standard,452,10,10,4096,1,linear,standard,"['attr_13_3', 'attr_26_2', 'attr_13_2', 'attr_1_1', 'attr_3_0', 'attr_3_1', 'attr_2_2', 'attr_2_3', 'attr_1_0', 'attr_4_2.0']",0.001,0.5499999999999999,0.2727272727272727,0.3,0.5,0.0,0.0,0.0,0.0,0.027272727272727282,39.001858711242676,0.02709794044494629,"[1, 1, 0, 0, 1, 1, 1, 1, 0, 1]","[0, 0, 0, 0, 0, 0, 0, 0, 0, 0]"
Noisy_f10_s4096_r1_linear_high,453,10,10,4096,1,linear,high,"['attr_13_3', 'attr_26_2', 'attr_13_2', 'attr_1_1', 'attr_3_0', 'attr_3_1', 'attr_2_2', 'attr_2_3', 'attr_1_0', 'attr_4_2.0']",0.001,0.5,0.2727272727272727,0.3,0.5,0.0,0.0,0.0,0.0,0.027272727272727282,39.424752712249756,0.03111863136291504,"[1, 1, 0, 0, 1, 1, 1, 1, 0, 1]","[0, 0, 0, 0, 0, 0, 0, 0, 0, 0]"
Noisy_f10_s4096_r1_circular_low,454,10,10,4096,1,circular,low,"['attr_13_3', 'attr_26_2', 'attr_13_2', 'attr_1_1', 'attr_3_0', 'attr_3_1', 'attr_2_2', 'attr_2_3', 'attr_1_0', 'attr_4_2.0']",0.01,0.5499999999999999,0.7272727272727273,0.7,0.7857142857142857,1.0,0.5714285714285714,0.5714285714285714,0.7272727272727273,0.027272727272727337,42.36789155006409,0.030076026916503906,"[1, 1, 0, 0, 1, 1, 1, 1, 0, 1]","[0, 1, 0, 0, 0, 1, 1, 1, 0, 0]"
Noisy_f10_s4096_r1_circular_standard,455,10,10,4096,1,circular,standard,"['attr_13_3', 'attr_26_2', 'attr_13_2', 'attr_1_1', 'attr_3_0', 'attr_3_1', 'attr_2_2', 'attr_2_3', 'attr_1_0', 'attr_4_2.0']",0.001,0.5,0.2727272727272727,0.3,0.5,0.0,0.0,0.0,0.0,0.027272727272727282,42.845911741256714,0.025210857391357422,"[1, 1, 0, 0, 1, 1, 1, 1, 0, 1]","[0, 0, 0, 0, 0, 0, 0, 0, 0, 0]"
Noisy_f10_s4096_r1_circular_high,456,10,10,4096,1,circular,high,"['attr_13_3', 'attr_26_2', 'attr_13_2', 'attr_1_1', 'attr_3_0', 'attr_3_1', 'attr_2_2', 'attr_2_3', 'attr_1_0', 'attr_4_2.0']",0.001,0.5,0.2727272727272727,0.3,0.5,0.0,0.0,0.0,0.0,0.027272727272727282,42.91780877113342,0.027650833129882812,"[1, 1, 0, 0, 1, 1, 1, 1, 0, 1]","[0, 0, 0, 0, 0, 0, 0, 0, 0, 0]"
Noisy_f10_s4096_r1_full_low,457,10,10,4096,1,full,low,"['attr_13_3', 'attr_26_2', 'attr_13_2', 'attr_1_1', 'attr_3_0', 'attr_3_1', 'attr_2_2', 'attr_2_3', 'attr_1_0', 'attr_4_2.0']",0.001,0.5499999999999999,0.2727272727272727,0.3,0.5,0.0,0.0,0.0,0.0,0.027272727272727282,130.27516889572144,0.024698734283447266,"[1, 1, 0, 0, 1, 1, 1, 1, 0, 1]","[0, 0, 0, 0, 0, 0, 0, 0, 0, 0]"
Noisy_f10_s4096_r1_full_standard,458,10,10,4096,1,full,standard,"['attr_13_3', 'attr_26_2', 'attr_13_2', 'attr_1_1', 'attr_3_0', 'attr_3_1', 'attr_2_2', 'attr_2_3', 'attr_1_0', 'attr_4_2.0']",0.001,0.5,0.2727272727272727,0.3,0.5,0.0,0.0,0.0,0.0,0.027272727272727282,129.6500482559204,0.025388479232788086,"[1, 1, 0, 0, 1, 1, 1, 1, 0, 1]","[0, 0, 0, 0, 0, 0, 0, 0, 0, 0]"
Noisy_f10_s4096_r1_full_high,459,10,10,4096,1,full,high,"['attr_13_3', 'attr_26_2', 'attr_13_2', 'attr_1_1', 'attr_3_0', 'attr_3_1', 'attr_2_2', 'attr_2_3', 'attr_1_0', 'attr_4_2.0']",0.001,0.5,0.2727272727272727,0.3,0.5,0.0,0.0,0.0,0.0,0.027272727272727282,129.68301653862,0.03228330612182617,"[1, 1, 0, 0, 1, 1, 1, 1, 0, 1]","[0, 0, 0, 0, 0, 0, 0, 0, 0, 0]"
Noisy_f10_s4096_r2_linear_low,460,10,10,4096,2,linear,low,"['attr_13_3', 'attr_26_2', 'attr_13_2', 'attr_1_1', 'attr_3_0', 'attr_3_1', 'attr_2_2', 'attr_2_3', 'attr_1_0', 'attr_4_2.0']",0.001,0.5666666666666667,0.2727272727272727,0.3,0.5,0.0,0.0,0.0,0.0,0.027272727272727282,63.12087607383728,0.030165672302246094,"[1, 1, 0, 0, 1, 1, 1, 1, 0, 1]","[0, 0, 0, 0, 0, 0, 0, 0, 0, 0]"
Noisy_f10_s4096_r2_linear_standard,461,10,10,4096,2,linear,standard,"['attr_13_3', 'attr_26_2', 'attr_13_2', 'attr_1_1', 'attr_3_0', 'attr_3_1', 'attr_2_2', 'attr_2_3', 'attr_1_0', 'attr_4_2.0']",0.001,0.5,0.2727272727272727,0.3,0.5,0.0,0.0,0.0,0.0,0.027272727272727282,64.1270022392273,0.030582904815673828,"[1, 1, 0, 0, 1, 1, 1, 1, 0, 1]","[0, 0, 0, 0, 0, 0, 0, 0, 0, 0]"
Noisy_f10_s4096_r2_linear_high,462,10,10,4096,2,linear,high,"['attr_13_3', 'attr_26_2', 'attr_13_2', 'attr_1_1', 'attr_3_0', 'attr_3_1', 'attr_2_2', 'attr_2_3', 'attr_1_0', 'attr_4_2.0']",0.001,0.5,0.2727272727272727,0.3,0.5,0.0,0.0,0.0,0.0,0.027272727272727282,63.44036841392517,0.025121450424194336,"[1, 1, 0, 0, 1, 1, 1, 1, 0, 1]","[0, 0, 0, 0, 0, 0, 0, 0, 0, 0]"
Noisy_f10_s4096_r2_circular_low,463,10,10,4096,2,circular,low,"['attr_13_3', 'attr_26_2', 'attr_13_2', 'attr_1_1', 'attr_3_0', 'attr_3_1', 'attr_2_2', 'attr_2_3', 'attr_1_0', 'attr_4_2.0']",0.01,0.5666666666666667,0.8181818181818182,0.7,0.6904761904761905,0.8333333333333334,0.7142857142857143,0.7142857142857143,0.7692307692307693,0.11818181818181828,71.05263543128967,0.02559185028076172,"[1, 1, 0, 0, 1, 1, 1, 1, 0, 1]","[0, 1, 0, 0, 0, 1, 1, 1, 1, 1]"
Noisy_f10_s4096_r2_circular_standard,464,10,10,4096,2,circular,standard,"['attr_13_3', 'attr_26_2', 'attr_13_2', 'attr_1_1', 'attr_3_0', 'attr_3_1', 'attr_2_2', 'attr_2_3', 'attr_1_0', 'attr_4_2.0']",0.001,0.5,0.2727272727272727,0.3,0.5,0.0,0.0,0.0,0.0,0.027272727272727282,71.19746804237366,0.025060176849365234,"[1, 1, 0, 0, 1, 1, 1, 1, 0, 1]","[0, 0, 0, 0, 0, 0, 0, 0, 0, 0]"
Noisy_f10_s4096_r2_circular_high,465,10,10,4096,2,circular,high,"['attr_13_3', 'attr_26_2', 'attr_13_2', 'attr_1_1', 'attr_3_0', 'attr_3_1', 'attr_2_2', 'attr_2_3', 'attr_1_0', 'attr_4_2.0']",0.001,0.5,0.2727272727272727,0.3,0.5,0.0,0.0,0.0,0.0,0.027272727272727282,70.7789192199707,0.024389028549194336,"[1, 1, 0, 0, 1, 1, 1, 1, 0, 1]","[0, 0, 0, 0, 0, 0, 0, 0, 0, 0]"
Noisy_f10_s4096_r2_full_low,466,10,10,4096,2,full,low,"['attr_13_3', 'attr_26_2', 'attr_13_2', 'attr_1_1', 'attr_3_0', 'attr_3_1', 'attr_2_2', 'attr_2_3', 'attr_1_0', 'attr_4_2.0']",0.1,0.5,0.9090909090909091,0.6,0.42857142857142855,0.6666666666666666,0.8571428571428571,0.8571428571428571,0.75,0.3090909090909091,247.17987871170044,0.026969194412231445,"[1, 1, 0, 0, 1, 1, 1, 1, 0, 1]","[0, 1, 1, 1, 1, 1, 1, 1, 1, 1]"
Noisy_f10_s4096_r2_full_standard,467,10,10,4096,2,full,standard,"['attr_13_3', 'attr_26_2', 'attr_13_2', 'attr_1_1', 'attr_3_0', 'attr_3_1', 'attr_2_2', 'attr_2_3', 'attr_1_0', 'attr_4_2.0']",0.001,0.5,0.2727272727272727,0.3,0.5,0.0,0.0,0.0,0.0,0.027272727272727282,247.9266746044159,0.0290982723236084,"[1, 1, 0, 0, 1, 1, 1, 1, 0, 1]","[0, 0, 0, 0, 0, 0, 0, 0, 0, 0]"
Noisy_f10_s4096_r2_full_high,468,10,10,4096,2,full,high,"['attr_13_3', 'attr_26_2', 'attr_13_2', 'attr_1_1', 'attr_3_0', 'attr_3_1', 'attr_2_2', 'attr_2_3', 'attr_1_0', 'attr_4_2.0']",0.001,0.5,0.2727272727272727,0.3,0.5,0.0,0.0,0.0,0.0,0.027272727272727282,246.62512159347534,0.02602529525756836,"[1, 1, 0, 0, 1, 1, 1, 1, 0, 1]","[0, 0, 0, 0, 0, 0, 0, 0, 0, 0]"
Noisy_f10_s8192_r1_linear_low,469,10,10,8192,1,linear,low,"['attr_13_3', 'attr_26_2', 'attr_13_2', 'attr_1_1', 'attr_3_0', 'attr_3_1', 'attr_2_2', 'attr_2_3', 'attr_1_0', 'attr_4_2.0']",0.01,0.5666666666666667,0.7272727272727273,0.7,0.7857142857142857,1.0,0.5714285714285714,0.5714285714285714,0.7272727272727273,0.027272727272727337,52.55931878089905,0.02574777603149414,"[1, 1, 0, 0, 1, 1, 1, 1, 0, 1]","[0, 1, 0, 0, 0, 1, 1, 1, 0, 0]"
Noisy_f10_s8192_r1_linear_standard,470,10,10,8192,1,linear,standard,"['attr_13_3', 'attr_26_2', 'attr_13_2', 'attr_1_1', 'attr_3_0', 'attr_3_1', 'attr_2_2', 'attr_2_3', 'attr_1_0', 'attr_4_2.0']",0.001,0.5499999999999999,0.2727272727272727,0.3,0.5,0.0,0.0,0.0,0.0,0.027272727272727282,52.95987010002136,0.03331947326660156,"[1, 1, 0, 0, 1, 1, 1, 1, 0, 1]","[0, 0, 0, 0, 0, 0, 0, 0, 0, 0]"
Noisy_f10_s8192_r1_linear_high,471,10,10,8192,1,linear,high,"['attr_13_3', 'attr_26_2', 'attr_13_2', 'attr_1_1', 'attr_3_0', 'attr_3_1', 'attr_2_2', 'attr_2_3', 'attr_1_0', 'attr_4_2.0']",0.001,0.5,0.2727272727272727,0.3,0.5,0.0,0.0,0.0,0.0,0.027272727272727282,54.06221055984497,0.03329730033874512,"[1, 1, 0, 0, 1, 1, 1, 1, 0, 1]","[0, 0, 0, 0, 0, 0, 0, 0, 0, 0]"
Noisy_f10_s8192_r1_circular_low,472,10,10,8192,1,circular,low,"['attr_13_3', 'attr_26_2', 'attr_13_2', 'attr_1_1', 'attr_3_0', 'attr_3_1', 'attr_2_2', 'attr_2_3', 'attr_1_0', 'attr_4_2.0']",0.01,0.5166666666666667,0.7727272727272727,0.7,0.7857142857142857,1.0,0.5714285714285714,0.5714285714285714,0.7272727272727273,0.07272727272727275,56.49708819389343,0.027031660079956055,"[1, 1, 0, 0, 1, 1, 1, 1, 0, 1]","[0, 1, 0, 0, 0, 1, 1, 1, 0, 0]"
Noisy_f10_s8192_r1_circular_standard,473,10,10,8192,1,circular,standard,"['attr_13_3', 'attr_26_2', 'attr_13_2', 'attr_1_1', 'attr_3_0', 'attr_3_1', 'attr_2_2', 'attr_2_3', 'attr_1_0', 'attr_4_2.0']",0.001,0.5,0.2727272727272727,0.3,0.5,0.0,0.0,0.0,0.0,0.027272727272727282,56.53843832015991,0.02521991729736328,"[1, 1, 0, 0, 1, 1, 1, 1, 0, 1]","[0, 0, 0, 0, 0, 0, 0, 0, 0, 0]"
Noisy_f10_s8192_r1_circular_high,474,10,10,8192,1,circular,high,"['attr_13_3', 'attr_26_2', 'attr_13_2', 'attr_1_1', 'attr_3_0', 'attr_3_1', 'attr_2_2', 'attr_2_3', 'attr_1_0', 'attr_4_2.0']",0.001,0.5,0.2727272727272727,0.3,0.5,0.0,0.0,0.0,0.0,0.027272727272727282,57.1184663772583,0.028090715408325195,"[1, 1, 0, 0, 1, 1, 1, 1, 0, 1]","[0, 0, 0, 0, 0, 0, 0, 0, 0, 0]"
Noisy_f10_s8192_r1_full_low,475,10,10,8192,1,full,low,"['attr_13_3', 'attr_26_2', 'attr_13_2', 'attr_1_1', 'attr_3_0', 'attr_3_1', 'attr_2_2', 'attr_2_3', 'attr_1_0', 'attr_4_2.0']",0.01,0.6,0.9090909090909091,0.7,0.5952380952380952,0.75,0.8571428571428571,0.8571428571428571,0.8,0.2090909090909091,143.6795916557312,0.02608323097229004,"[1, 1, 0, 0, 1, 1, 1, 1, 0, 1]","[1, 1, 0, 1, 0, 1, 1, 1, 1, 1]"
Noisy_f10_s8192_r1_full_standard,476,10,10,8192,1,full,standard,"['attr_13_3', 'attr_26_2', 'attr_13_2', 'attr_1_1', 'attr_3_0', 'attr_3_1', 'attr_2_2', 'attr_2_3', 'attr_1_0', 'attr_4_2.0']",0.001,0.5,0.2727272727272727,0.3,0.5,0.0,0.0,0.0,0.0,0.027272727272727282,143.80125832557678,0.02680063247680664,"[1, 1, 0, 0, 1, 1, 1, 1, 0, 1]","[0, 0, 0, 0, 0, 0, 0, 0, 0, 0]"
Noisy_f10_s8192_r1_full_high,477,10,10,8192,1,full,high,"['attr_13_3', 'attr_26_2', 'attr_13_2', 'attr_1_1', 'attr_3_0', 'attr_3_1', 'attr_2_2', 'attr_2_3', 'attr_1_0', 'attr_4_2.0']",0.001,0.5,0.2727272727272727,0.3,0.5,0.0,0.0,0.0,0.0,0.027272727272727282,147.9504837989807,0.03295397758483887,"[1, 1, 0, 0, 1, 1, 1, 1, 0, 1]","[0, 0, 0, 0, 0, 0, 0, 0, 0, 0]"
Noisy_f10_s8192_r2_linear_low,478,10,10,8192,2,linear,low,"['attr_13_3', 'attr_26_2', 'attr_13_2', 'attr_1_1', 'attr_3_0', 'attr_3_1', 'attr_2_2', 'attr_2_3', 'attr_1_0', 'attr_4_2.0']",0.001,0.5666666666666667,0.2727272727272727,0.3,0.5,0.0,0.0,0.0,0.0,0.027272727272727282,77.38332796096802,0.027625560760498047,"[1, 1, 0, 0, 1, 1, 1, 1, 0, 1]","[0, 0, 0, 0, 0, 0, 0, 0, 0, 0]"
Noisy_f10_s8192_r2_linear_standard,479,10,10,8192,2,linear,standard,"['attr_13_3', 'attr_26_2', 'attr_13_2', 'attr_1_1', 'attr_3_0', 'attr_3_1', 'attr_2_2', 'attr_2_3', 'attr_1_0', 'attr_4_2.0']",0.001,0.5,0.2727272727272727,0.3,0.5,0.0,0.0,0.0,0.0,0.027272727272727282,77.57816815376282,0.025811195373535156,"[1, 1, 0, 0, 1, 1, 1, 1, 0, 1]","[0, 0, 0, 0, 0, 0, 0, 0, 0, 0]"
Noisy_f10_s8192_r2_linear_high,480,10,10,8192,2,linear,high,"['attr_13_3', 'attr_26_2', 'attr_13_2', 'attr_1_1', 'attr_3_0', 'attr_3_1', 'attr_2_2', 'attr_2_3', 'attr_1_0', 'attr_4_2.0']",0.001,0.5,0.2727272727272727,0.3,0.5,0.0,0.0,0.0,0.0,0.027272727272727282,80.31068158149719,0.028146982192993164,"[1, 1, 0, 0, 1, 1, 1, 1, 0, 1]","[0, 0, 0, 0, 0, 0, 0, 0, 0, 0]"
Noisy_f10_s8192_r2_circular_low,481,10,10,8192,2,circular,low,"['attr_13_3', 'attr_26_2', 'attr_13_2', 'attr_1_1', 'attr_3_0', 'attr_3_1', 'attr_2_2', 'attr_2_3', 'attr_1_0', 'attr_4_2.0']",0.01,0.5166666666666667,0.8181818181818182,0.7,0.6904761904761905,0.8333333333333334,0.7142857142857143,0.7142857142857143,0.7692307692307693,0.11818181818181828,84.56816124916077,0.02559661865234375,"[1, 1, 0, 0, 1, 1, 1, 1, 0, 1]","[0, 1, 0, 0, 0, 1, 1, 1, 1, 1]"
Noisy_f10_s8192_r2_circular_standard,482,10,10,8192,2,circular,standard,"['attr_13_3', 'attr_26_2', 'attr_13_2', 'attr_1_1', 'attr_3_0', 'attr_3_1', 'attr_2_2', 'attr_2_3', 'attr_1_0', 'attr_4_2.0']",0.001,0.5,0.2727272727272727,0.3,0.5,0.0,0.0,0.0,0.0,0.027272727272727282,84.47716784477234,0.026330232620239258,"[1, 1, 0, 0, 1, 1, 1, 1, 0, 1]","[0, 0, 0, 0, 0, 0, 0, 0, 0, 0]"
Noisy_f10_s8192_r2_circular_high,483,10,10,8192,2,circular,high,"['attr_13_3', 'attr_26_2', 'attr_13_2', 'attr_1_1', 'attr_3_0', 'attr_3_1', 'attr_2_2', 'attr_2_3', 'attr_1_0', 'attr_4_2.0']",0.001,0.5,0.2727272727272727,0.3,0.5,0.0,0.0,0.0,0.0,0.027272727272727282,85.27040314674377,0.026851415634155273,"[1, 1, 0, 0, 1, 1, 1, 1, 0, 1]","[0, 0, 0, 0, 0, 0, 0, 0, 0, 0]"
Noisy_f10_s8192_r2_full_low,484,10,10,8192,2,full,low,"['attr_13_3', 'attr_26_2', 'attr_13_2', 'attr_1_1', 'attr_3_0', 'attr_3_1', 'attr_2_2', 'attr_2_3', 'attr_1_0', 'attr_4_2.0']",0.1,0.5,0.9090909090909091,0.6,0.42857142857142855,0.6666666666666666,0.8571428571428571,0.8571428571428571,0.75,0.3090909090909091,260.69485878944397,0.030218839645385742,"[1, 1, 0, 0, 1, 1, 1, 1, 0, 1]","[0, 1, 1, 1, 1, 1, 1, 1, 1, 1]"
Noisy_f10_s8192_r2_full_standard,485,10,10,8192,2,full,standard,"['attr_13_3', 'attr_26_2', 'attr_13_2', 'attr_1_1', 'attr_3_0', 'attr_3_1', 'attr_2_2', 'attr_2_3', 'attr_1_0', 'attr_4_2.0']",0.001,0.5,0.2727272727272727,0.3,0.5,0.0,0.0,0.0,0.0,0.027272727272727282,346.3522148132324,19.155384063720703,"[1, 1, 0, 0, 1, 1, 1, 1, 0, 1]","[0, 0, 0, 0, 0, 0, 0, 0, 0, 0]"
Noisy_f10_s8192_r2_full_high,486,10,10,8192,2,full,high,"['attr_13_3', 'attr_26_2', 'attr_13_2', 'attr_1_1', 'attr_3_0', 'attr_3_1', 'attr_2_2', 'attr_2_3', 'attr_1_0', 'attr_4_2.0']",0.001,0.5,0.2727272727272727,0.3,0.5,0.0,0.0,0.0,0.0,0.027272727272727282,821.0890650749207,4.871032953262329,"[1, 1, 0, 0, 1, 1, 1, 1, 0, 1]","[0, 0, 0, 0, 0, 0, 0, 0, 0, 0]"
